system,group,symbol,f_vector,status,our_menu_type_ids,our_P2_type_ids,our_menu_c_over_a,his_row_count,his_b_ratios,his_points,his_block
cubic,195,P23,"(5,8,5)",a_ours_in_his,42bc5c5af1f296ae,,,1,,,195
cubic,195,P23,"(5,9,6)",c_his_not_ours_not_stored,,,,1,,,195
cubic,195,P23,"(6,11,7)",c_his_not_ours_not_stored,,,,1,,,195
cubic,195,P23,"(6,12,8)",a_ours_in_his,3cb6c70abd57e0b9,,,1,,,195
cubic,195,P23,"(8,12,6)",a_ours_in_his,e3faf0283734fac7,,,1,,,195
cubic,195,P23,"(8,13,7)",c_his_not_ours_not_stored,,,,1,,,195
cubic,195,P23,"(8,16,10)",a_ours_in_his,3d1a3ee0cfdc0206,,,1,,,195
cubic,195,P23,"(14,24,12)",a_ours_in_his,1da02fe6c7c6eb73,,,1,,,195
cubic,195,P23,"(16,27,13)",a_ours_in_his,7d9cb42d3e017b02,,,1,,,195
cubic,196,F23,"(5,8,5)",c_his_not_ours_not_stored,,,,1,,,196
cubic,196,F23,"(6,12,8)",a_ours_in_his,3cb6c70abd57e0b9,,,1,,,196
cubic,196,F23,"(8,12,6)",a_ours_in_his,e3faf0283734fac7,,,1,,,196
cubic,196,F23,"(8,16,10)",a_ours_in_his,3d1a3ee0cfdc0206,,,1,,,196
cubic,196,F23,"(14,24,12)",a_ours_in_his,1da02fe6c7c6eb73,,,1,,,196
cubic,197,I23,"(4,6,4)",a_ours_in_his,e1c6bb874212013b,,,1,,,197
cubic,197,I23,"(5,9,6)",c_his_not_ours_not_stored,,,,1,,,197
cubic,197,I23,"(6,12,8)",c_his_not_ours_not_stored,,,,1,,,197
cubic,197,I23,"(7,15,10)",c_his_not_ours_not_stored,,,,1,,,197
cubic,197,I23,"(8,12,6)",a_ours_in_his,e3faf0283734fac7,,,1,,,197
cubic,197,I23,"(8,15,9)",c_his_not_ours_not_stored,,,,1,,,197
cubic,197,I23,"(9,17,10)",c_his_not_ours_not_stored,,,,1,,,197
cubic,197,I23,"(10,17,9)",c_his_not_ours_not_stored,,,,1,,,197
cubic,197,I23,"(10,18,10)",c_his_not_ours_not_stored,,,,1,,,197
cubic,197,I23,"(10,20,12)",a_ours_in_his,9effc8684d8a0250,,,1,,,197
cubic,197,I23,"(11,19,10)",c_his_not_ours_not_stored,,,,1,,,197
cubic,197,I23,"(12,19,9)",c_his_not_ours_not_stored,,,,1,,,197
cubic,197,I23,"(12,20,10)",c_his_not_ours_not_stored,,,,1,,,197
cubic,197,I23,"(13,22,11)",c_his_not_ours_not_stored,,,,1,,,197
cubic,197,I23,"(13,23,12)",c_his_not_ours_not_stored,,,,1,,,197
cubic,197,I23,"(14,23,11)",c_his_not_ours_not_stored,,,,1,,,197
cubic,197,I23,"(14,25,13)",a_ours_in_his,d5455821196c461d,,,1,,,197
cubic,197,I23,"(15,26,13)",c_his_not_ours_not_stored,,,,1,,,197
cubic,197,I23,"(17,28,13)",a_ours_in_his,a3164ecfcd75d3ec,,,1,,,197
cubic,197,I23,"(18,29,13)",a_ours_in_his,63fe22ddbb5dc8f2,,,1,,,197
cubic,197,I23,"(20,32,14)",c_his_not_ours_not_stored,,,,1,,,197
cubic,197,I23,"(20,33,15)",c_his_not_ours_not_stored,,,,1,,,197
cubic,197,I23,"(22,35,15)",c_his_not_ours_not_stored,,,,1,,,197
cubic,197,I23,"(24,36,14)",a_ours_in_his,31d09faf7fb2bf6f,,,1,,,197
cubic,197,I23,"(24,38,16)",c_his_not_ours_not_stored,,,,1,,,197
cubic,197,I23,"(24,39,17)",c_his_not_ours_not_stored,,,,1,,,197
cubic,197,I23,"(26,39,15)",a_ours_in_his,1148b1810c34b982,,,1,,,197
cubic,198,P2_13,"(8,14,8)",c_his_not_ours_not_stored,,,,1,,,198
cubic,198,P2_13,"(11,21,12)",c_his_not_ours_not_stored,,,,1,,,198
cubic,198,P2_13,"(12,22,12)",a_ours_in_his,dfccc9ff6019ead5,,,1,,,198
cubic,198,P2_13,"(14,24,12)",a_ours_in_his,1da02fe6c7c6eb73,,,1,,,198
cubic,198,P2_13,"(19,31,14)",c_his_not_ours_not_stored,,,,1,,,198
cubic,198,P2_13,"(21,35,16)",c_his_not_ours_not_stored,,,,1,,,198
cubic,198,P2_13,"(22,36,16)",a_ours_in_his,80f5582684f3bd01,,,1,,,198
cubic,198,P2_13,"(26,40,16)",c_his_not_ours_not_stored,,,,1,,,198
cubic,198,P2_13,"(26,42,18)",c_his_not_ours_not_stored,,,,1,,,198
cubic,198,P2_13,"(29,47,20)",c_his_not_ours_not_stored,,,,1,,,198
cubic,198,P2_13,"(30,46,18)",c_his_not_ours_not_stored,,,,1,,,198
cubic,198,P2_13,"(30,48,20)",c_his_not_ours_not_stored,,,,1,,,198
cubic,198,P2_13,"(32,48,18)",a_ours_in_his,afeb1ae44c1a3443,,,1,,,198
cubic,198,P2_13,"(32,50,20)",c_his_not_ours_not_stored,,,,1,,,198
cubic,198,P2_13,"(33,53,22)",c_his_not_ours_not_stored,,,,1,,,198
cubic,198,P2_13,"(34,54,22)",c_his_not_ours_not_stored,,,,1,,,198
cubic,198,P2_13,"(36,56,22)",c_his_not_ours_not_stored,,,,1,,,198
cubic,198,P2_13,"(40,62,24)",c_his_not_ours_not_stored,,,,1,,,198
cubic,199,I2_13,"(8,12,6)",a_ours_in_his,e3faf0283734fac7,,,1,,,199
cubic,199,I2_13,"(10,17,9)",c_his_not_ours_not_stored,,,,1,,,199
cubic,199,I2_13,"(12,22,12)",b_ours_not_his,971596772f324b8e;dfccc9ff6019ead5,,,0,,,
cubic,199,I2_13,"(13,22,11)",c_his_not_ours_not_stored,,,,1,,,199
cubic,199,I2_13,"(13,24,13)",c_his_not_ours_not_stored,,,,1,,,199
cubic,199,I2_13,"(14,25,13)",c_his_not_ours_not_stored,,,,1,,,199
cubic,199,I2_13,"(15,26,13)",c_his_not_ours_not_stored,,,,1,,,199
cubic,199,I2_13,"(16,27,13)",a_ours_in_his,2aafa354bb5e01d9,,,1,,,199
cubic,199,I2_13,"(17,29,14)",c_his_not_ours_not_stored,,,,1,,,199
cubic,199,I2_13,"(18,29,13)",c_his_not_ours_not_stored,,,,1,,,199
cubic,199,I2_13,"(19,31,14)",c_his_not_ours_not_stored,,,,1,,,199
cubic,199,I2_13,"(19,32,15)",c_his_not_ours_not_stored,,,,1,,,199
cubic,199,I2_13,"(21,34,15)",c_his_not_ours_not_stored,,,,1,,,199
cubic,199,I2_13,"(22,35,15)",a_ours_in_his,cea2f3246210cd55,,,1,,,199
cubic,199,I2_13,"(22,36,16)",c_his_not_ours_not_stored,,,,1,,,199
cubic,199,I2_13,"(23,36,15)",c_his_not_ours_not_stored,,,,1,,,199
cubic,199,I2_13,"(23,37,16)",c_his_not_ours_not_stored,,,,1,,,199
cubic,199,I2_13,"(23,38,17)",c_his_not_ours_not_stored,,,,1,,,199
cubic,199,I2_13,"(24,38,16)",c_his_not_ours_not_stored,,,,1,,,199
cubic,199,I2_13,"(25,39,16)",c_his_not_ours_not_stored,,,,1,,,199
cubic,199,I2_13,"(25,40,17)",c_his_not_ours_not_stored,,,,1,,,199
cubic,199,I2_13,"(26,40,16)",a_ours_in_his,f0163697449d793a,,,1,,,199
cubic,199,I2_13,"(26,41,17)",c_his_not_ours_not_stored,,,,1,,,199
cubic,199,I2_13,"(27,42,17)",c_his_not_ours_not_stored,,,,1,,,199
cubic,199,I2_13,"(27,43,18)",c_his_not_ours_not_stored,,,,1,,,199
cubic,199,I2_13,"(28,43,17)",c_his_not_ours_not_stored,,,,1,,,199
cubic,199,I2_13,"(28,44,18)",c_his_not_ours_not_stored,,,,1,,,199
cubic,199,I2_13,"(29,44,17)",c_his_not_ours_not_stored,,,,1,,,199
cubic,199,I2_13,"(30,45,17)",a_ours_in_his,8c69db9e84095469,,,1,,,199
cubic,199,I2_13,"(30,47,19)",c_his_not_ours_not_stored,,,,1,,,199
cubic,199,I2_13,"(31,47,18)",c_his_not_ours_not_stored,,,,1,,,199
cubic,199,I2_13,"(32,50,20)",c_his_not_ours_not_stored,,,,1,,,199
cubic,199,I2_13,"(33,50,19)",c_his_not_ours_not_stored,,,,1,,,199
cubic,199,I2_13,"(33,51,20)",c_his_not_ours_not_stored,,,,1,,,199
cubic,199,I2_13,"(34,52,20)",c_his_not_ours_not_stored,,,,1,,,199
cubic,199,I2_13,"(34,53,21)",c_his_not_ours_not_stored,,,,1,,,199
cubic,199,I2_13,"(35,53,20)",c_his_not_ours_not_stored,,,,1,,,199
cubic,199,I2_13,"(36,54,20)",a_ours_in_his,fd96e7fc36481986,,,1,,,199
cubic,199,I2_13,"(36,56,22)",c_his_not_ours_not_stored,,,,1,,,199
cubic,199,I2_13,"(37,56,21)",c_his_not_ours_not_stored,,,,1,,,199
cubic,199,I2_13,"(37,57,22)",c_his_not_ours_not_stored,,,,1,,,199
cubic,199,I2_13,"(38,58,22)",c_his_not_ours_not_stored,,,,1,,,199
cubic,199,I2_13,"(39,59,22)",c_his_not_ours_not_stored,,,,1,,,199
cubic,199,I2_13,"(41,62,23)",c_his_not_ours_not_stored,,,,1,,,199
cubic,199,I2_13,"(43,65,24)",c_his_not_ours_not_stored,,,,1,,,199
cubic,200,Pm-3,"(5,8,5)",a_ours_in_his,42bc5c5af1f296ae,,,1,,,200
cubic,200,Pm-3,"(5,9,6)",a_ours_in_his,8f286dc3c145b5c1,,,1,,,200
cubic,200,Pm-3,"(6,10,6)",a_ours_in_his,920b287204a10d5a,,,1,,,200
cubic,200,Pm-3,"(6,11,7)",a_ours_in_his,36ea4b551873828d,,,1,,,200
cubic,200,Pm-3,"(6,12,8)",a_ours_in_his,3cb6c70abd57e0b9,,,1,,,200
cubic,200,Pm-3,"(8,12,6)",a_ours_in_his,e3faf0283734fac7,,,1,,,200
cubic,200,Pm-3,"(8,16,10)",a_ours_in_his,3d1a3ee0cfdc0206,,,1,,,200
cubic,201,Pn-3,"(4,6,4)",b_ours_not_his,e1c6bb874212013b,,,0,,,
cubic,201,Pn-3,"(6,12,8)",c_his_not_ours_not_stored,,,,1,,,201
cubic,201,Pn-3,"(7,15,10)",c_his_not_ours_not_stored,,,,1,,,201
cubic,201,Pn-3,"(10,20,12)",b_ours_not_his,9effc8684d8a0250,,,0,,,
cubic,201,Pn-3,"(11,19,10)",c_his_not_ours_not_stored,,,,1,,,201
cubic,201,Pn-3,"(12,19,9)",c_his_not_ours_not_stored,,,,1,,,201
cubic,201,Pn-3,"(12,20,10)",c_his_not_ours_not_stored,,,,1,,,201
cubic,201,Pn-3,"(13,22,11)",c_his_not_ours_not_stored,,,,1,,,201
cubic,201,Pn-3,"(14,24,12)",a_ours_in_his,1da02fe6c7c6eb73,,,1,,,201
cubic,201,Pn-3,"(14,25,13)",b_ours_not_his,d5455821196c461d,,,0,,,
cubic,201,Pn-3,"(15,26,13)",c_his_not_ours_not_stored,,,,1,,,201
cubic,201,Pn-3,"(17,28,13)",a_ours_in_his,a3164ecfcd75d3ec,,,1,,,201
cubic,201,Pn-3,"(17,29,14)",c_his_not_ours_not_stored,,,,1,,,201
cubic,201,Pn-3,"(18,29,13)",c_his_not_ours_not_stored,,,,1,,,201
cubic,201,Pn-3,"(20,32,14)",c_his_not_ours_not_stored,,,,1,,,201
cubic,201,Pn-3,"(20,33,15)",b_ours_not_his,2de0a21129cabe90,,,0,,,
cubic,201,Pn-3,"(22,35,15)",a_ours_in_his,c5b97d7745060a86,,,1,,,201
cubic,201,Pn-3,"(24,36,14)",a_ours_in_his,31d09faf7fb2bf6f,,,1,,,201
cubic,201,Pn-3,"(24,38,16)",c_his_not_ours_not_stored,,,,1,,,201
cubic,201,Pn-3,"(25,39,16)",a_ours_in_his,ea1baec328356a32,,,1,,,201
cubic,202,Fm-3,"(4,6,4)",c_his_not_ours_not_stored,,,,1,,,202
cubic,202,Fm-3,"(5,8,5)",a_ours_in_his,42bc5c5af1f296ae,,,1,,,202
cubic,202,Fm-3,"(5,9,6)",a_ours_in_his,8f286dc3c145b5c1,,,1,,,202
cubic,202,Fm-3,"(6,11,7)",a_ours_in_his,36ea4b551873828d,,,1,,,202
cubic,202,Fm-3,"(6,12,8)",a_ours_in_his,3cb6c70abd57e0b9,,,1,,,202
cubic,202,Fm-3,"(8,12,6)",a_ours_in_his,e3faf0283734fac7,,,1,,,202
cubic,202,Fm-3,"(8,16,10)",a_ours_in_his,3d1a3ee0cfdc0206,,,1,,,202
cubic,202,Fm-3,"(14,24,12)",a_ours_in_his,1da02fe6c7c6eb73,,,1,,,202
cubic,203,Fd-3,"(5,8,5)",c_his_not_ours_not_stored,,,,1,,,203
cubic,203,Fd-3,"(6,12,8)",b_ours_not_his,3cb6c70abd57e0b9,,,0,,,
cubic,203,Fd-3,"(8,12,6)",a_ours_in_his,e3faf0283734fac7,,,1,,,203
cubic,203,Fd-3,"(8,13,7)",c_his_not_ours_not_stored,,,,1,,,203
cubic,203,Fd-3,"(8,15,9)",c_his_not_ours_not_stored,,,,1,,,203
cubic,203,Fd-3,"(9,14,7)",c_his_not_ours_not_stored,,,,1,,,203
cubic,203,Fd-3,"(10,15,7)",a_ours_in_his,ca9a19039647d676,,,1,,,203
cubic,203,Fd-3,"(10,20,12)",a_ours_in_his,9effc8684d8a0250,,,1,,,203
cubic,203,Fd-3,"(12,22,12)",a_ours_in_his,ddd534b6185c5da1,,,1,,,203
cubic,203,Fd-3,"(14,24,12)",a_ours_in_his,1c61fe8a173a95f3;1da02fe6c7c6eb73,,,1,,,203
cubic,203,Fd-3,"(14,25,13)",c_his_not_ours_not_stored,,,,1,,,203
cubic,203,Fd-3,"(16,30,16)",a_ours_in_his,2001fe7ea92fd0ad,,,1,,,203
cubic,203,Fd-3,"(18,30,14)",c_his_not_ours_not_stored,,,,1,,,203
cubic,204,Im-3,"(4,6,4)",a_ours_in_his,e1c6bb874212013b,,,1,,,204
cubic,204,Im-3,"(5,8,5)",c_his_not_ours_not_stored,,,,1,,,204
cubic,204,Im-3,"(5,9,6)",a_ours_in_his,8f286dc3c145b5c1,,,1,,,204
cubic,204,Im-3,"(6,11,7)",c_his_not_ours_not_stored,,,,1,,,204
cubic,204,Im-3,"(6,12,8)",a_ours_in_his,3cb6c70abd57e0b9,,,1,,,204
cubic,204,Im-3,"(7,12,7)",c_his_not_ours_not_stored,,,,1,,,204
cubic,204,Im-3,"(7,15,10)",c_his_not_ours_not_stored,,,,1,,,204
cubic,204,Im-3,"(8,12,6)",a_ours_in_his,e3faf0283734fac7,,,1,,,204
cubic,204,Im-3,"(8,13,7)",a_ours_in_his,4ab699adbeb533b0,,,1,,,204
cubic,204,Im-3,"(9,14,7)",c_his_not_ours_not_stored,,,,1,,,204
cubic,204,Im-3,"(9,17,10)",a_ours_in_his,1c845578c03feb42,,,1,,,204
cubic,204,Im-3,"(10,15,7)",a_ours_in_his,ca9a19039647d676,,,1,,,204
cubic,204,Im-3,"(10,16,8)",c_his_not_ours_not_stored,,,,1,,,204
cubic,204,Im-3,"(10,18,10)",a_ours_in_his,6f76cff2845e50c4,,,1,,,204
cubic,204,Im-3,"(10,20,12)",a_ours_in_his,9effc8684d8a0250,,,1,,,204
cubic,204,Im-3,"(11,19,10)",a_ours_in_his,4adc28c1904f92e2;5c4afde4a99b7e18,,,1,,,204
cubic,204,Im-3,"(12,20,10)",a_ours_in_his,18391c406d2fe823,,,1,,,204
cubic,204,Im-3,"(13,22,11)",a_ours_in_his,bc4a89d3111082c9;f5d10226705a540c,,,1,,,204
cubic,204,Im-3,"(14,25,13)",a_ours_in_his,d5455821196c461d,,,1,,,204
cubic,204,Im-3,"(17,28,13)",a_ours_in_his,a3164ecfcd75d3ec,,,1,,,204
cubic,204,Im-3,"(24,36,14)",a_ours_in_his,31d09faf7fb2bf6f,,,1,,,204
cubic,205,Pa-3,"(6,12,8)",c_his_not_ours_not_stored,,,,1,,,205
cubic,205,Pa-3,"(7,13,8)",c_his_not_ours_not_stored,,,,1,,,205
cubic,205,Pa-3,"(8,12,6)",a_ours_in_his,e3faf0283734fac7,,,1,,,205
cubic,205,Pa-3,"(10,18,10)",c_his_not_ours_not_stored,,,,1,,,205
cubic,205,Pa-3,"(11,21,12)",c_his_not_ours_not_stored,,,,1,,,205
cubic,205,Pa-3,"(12,22,12)",c_his_not_ours_not_stored,,,,1,,,205
cubic,205,Pa-3,"(13,23,12)",c_his_not_ours_not_stored,,,,1,,,205
cubic,205,Pa-3,"(14,24,12)",a_ours_in_his,1da02fe6c7c6eb73,,,1,,,205
cubic,205,Pa-3,"(15,25,12)",c_his_not_ours_not_stored,,,,1,,,205
cubic,205,Pa-3,"(15,27,14)",c_his_not_ours_not_stored,,,,1,,,205
cubic,205,Pa-3,"(16,28,14)",c_his_not_ours_not_stored,,,,1,,,205
cubic,205,Pa-3,"(17,29,14)",c_his_not_ours_not_stored,,,,1,,,205
cubic,205,Pa-3,"(18,30,14)",a_ours_in_his,c4c06de9148a1d5e,,,1,,,205
cubic,205,Pa-3,"(19,30,13)",a_ours_in_his,bad4b371f5bd4e3e,,,1,,,205
cubic,205,Pa-3,"(19,31,14)",c_his_not_ours_not_stored,,,,1,,,205
cubic,205,Pa-3,"(20,32,14)",c_his_not_ours_not_stored,,,,1,,,205
cubic,205,Pa-3,"(20,34,16)",c_his_not_ours_not_stored,,,,1,,,205
cubic,205,Pa-3,"(21,33,14)",c_his_not_ours_not_stored,,,,1,,,205
cubic,205,Pa-3,"(21,35,16)",c_his_not_ours_not_stored,,,,1,,,205
cubic,205,Pa-3,"(22,36,16)",a_ours_in_his,9d34332ec1120aff,,,1,,,205
cubic,205,Pa-3,"(24,38,16)",c_his_not_ours_not_stored,,,,1,,,205
cubic,205,Pa-3,"(25,39,16)",c_his_not_ours_not_stored,,,,1,,,205
cubic,205,Pa-3,"(26,42,18)",c_his_not_ours_not_stored,,,,1,,,205
cubic,205,Pa-3,"(28,44,18)",c_his_not_ours_not_stored,,,,1,,,205
cubic,206,Ia-3,"(5,8,5)",c_his_not_ours_not_stored,,,,1,,,206
cubic,206,Ia-3,"(6,12,8)",b_ours_not_his,3cb6c70abd57e0b9,,,0,,,
cubic,206,Ia-3,"(8,12,6)",a_ours_in_his,e3faf0283734fac7,,,1,,,206
cubic,206,Ia-3,"(8,17,11)",c_his_not_ours_not_stored,,,,1,,,206
cubic,206,Ia-3,"(9,17,10)",c_his_not_ours_not_stored,,,,1,,,206
cubic,206,Ia-3,"(10,18,10)",c_his_not_ours_not_stored,,,,1,,,206
cubic,206,Ia-3,"(10,19,11)",c_his_not_ours_not_stored,,,,1,,,206
cubic,206,Ia-3,"(13,22,11)",c_his_not_ours_not_stored,,,,1,,,206
cubic,206,Ia-3,"(13,23,12)",c_his_not_ours_not_stored,,,,1,,,206
cubic,206,Ia-3,"(14,24,12)",c_his_not_ours_not_stored,,,,1,,,206
cubic,206,Ia-3,"(14,25,13)",c_his_not_ours_not_stored,,,,1,,,206
cubic,206,Ia-3,"(15,25,12)",c_his_not_ours_not_stored,,,,1,,,206
cubic,206,Ia-3,"(16,26,12)",c_his_not_ours_not_stored,,,,1,,,206
cubic,206,Ia-3,"(16,27,13)",c_his_not_ours_not_stored,,,,1,,,206
cubic,206,Ia-3,"(16,28,14)",b_ours_not_his,dab82b770ec34253,,,0,,,
cubic,206,Ia-3,"(17,28,13)",c_his_not_ours_not_stored,,,,1,,,206
cubic,206,Ia-3,"(17,29,14)",c_his_not_ours_not_stored,,,,1,,,206
cubic,206,Ia-3,"(17,30,15)",c_his_not_ours_not_stored,,,,1,,,206
cubic,206,Ia-3,"(18,29,13)",c_his_not_ours_not_stored,,,,1,,,206
cubic,206,Ia-3,"(18,30,14)",c_his_not_ours_not_stored,,,,1,,,206
cubic,206,Ia-3,"(18,31,15)",c_his_not_ours_not_stored,,,,1,,,206
cubic,206,Ia-3,"(19,31,14)",c_his_not_ours_not_stored,,,,1,,,206
cubic,206,Ia-3,"(19,32,15)",a_ours_in_his,d92507e86522ff33,,,1,,,206
cubic,206,Ia-3,"(19,33,16)",c_his_not_ours_not_stored,,,,1,,,206
cubic,206,Ia-3,"(20,32,14)",a_ours_in_his,1006ba9d7710fc74;e7f0765aca44108d,,,1,,,206
cubic,206,Ia-3,"(20,33,15)",c_his_not_ours_not_stored,,,,1,,,206
cubic,206,Ia-3,"(21,33,14)",c_his_not_ours_not_stored,,,,1,,,206
cubic,206,Ia-3,"(21,34,15)",c_his_not_ours_not_stored,,,,1,,,206
cubic,206,Ia-3,"(21,35,16)",c_his_not_ours_not_stored,,,,1,,,206
cubic,206,Ia-3,"(22,34,14)",c_his_not_ours_not_stored,,,,1,,,206
cubic,206,Ia-3,"(22,35,15)",c_his_not_ours_not_stored,,,,1,,,206
cubic,206,Ia-3,"(22,36,16)",c_his_not_ours_not_stored,,,,1,,,206
cubic,206,Ia-3,"(23,37,16)",c_his_not_ours_not_stored,,,,1,,,206
cubic,206,Ia-3,"(23,38,17)",c_his_not_ours_not_stored,,,,1,,,206
cubic,206,Ia-3,"(23,39,18)",c_his_not_ours_not_stored,,,,1,,,206
cubic,206,Ia-3,"(24,38,16)",c_his_not_ours_not_stored,,,,1,,,206
cubic,206,Ia-3,"(24,39,17)",c_his_not_ours_not_stored,,,,1,,,206
cubic,206,Ia-3,"(25,39,16)",c_his_not_ours_not_stored,,,,1,,,206
cubic,206,Ia-3,"(25,40,17)",c_his_not_ours_not_stored,,,,1,,,206
cubic,206,Ia-3,"(25,41,18)",c_his_not_ours_not_stored,,,,1,,,206
cubic,206,Ia-3,"(25,42,19)",c_his_not_ours_not_stored,,,,1,,,206
cubic,206,Ia-3,"(26,40,16)",c_his_not_ours_not_stored,,,,1,,,206
cubic,206,Ia-3,"(26,41,17)",c_his_not_ours_not_stored,,,,1,,,206
cubic,206,Ia-3,"(26,42,18)",c_his_not_ours_not_stored,,,,1,,,206
cubic,206,Ia-3,"(27,43,18)",c_his_not_ours_not_stored,,,,1,,,206
cubic,206,Ia-3,"(27,44,19)",c_his_not_ours_not_stored,,,,1,,,206
cubic,206,Ia-3,"(28,43,17)",c_his_not_ours_not_stored,,,,1,,,206
cubic,206,Ia-3,"(28,44,18)",c_his_not_ours_not_stored,,,,1,,,206
cubic,206,Ia-3,"(28,45,19)",c_his_not_ours_not_stored,,,,1,,,206
cubic,206,Ia-3,"(29,45,18)",c_his_not_ours_not_stored,,,,1,,,206
cubic,206,Ia-3,"(29,46,19)",c_his_not_ours_not_stored,,,,1,,,206
cubic,206,Ia-3,"(29,47,20)",c_his_not_ours_not_stored,,,,1,,,206
cubic,206,Ia-3,"(30,45,17)",a_ours_in_his,998994bcf8df722b,,,1,,,206
cubic,206,Ia-3,"(30,46,18)",c_his_not_ours_not_stored,,,,1,,,206
cubic,206,Ia-3,"(30,47,19)",c_his_not_ours_not_stored,,,,1,,,206
cubic,206,Ia-3,"(30,48,20)",c_his_not_ours_not_stored,,,,1,,,206
cubic,206,Ia-3,"(31,49,20)",c_his_not_ours_not_stored,,,,1,,,206
cubic,206,Ia-3,"(32,49,19)",c_his_not_ours_not_stored,,,,1,,,206
cubic,206,Ia-3,"(32,50,20)",c_his_not_ours_not_stored,,,,1,,,206
cubic,206,Ia-3,"(32,51,21)",c_his_not_ours_not_stored,,,,1,,,206
cubic,206,Ia-3,"(33,52,21)",c_his_not_ours_not_stored,,,,1,,,206
cubic,206,Ia-3,"(34,52,20)",c_his_not_ours_not_stored,,,,1,,,206
cubic,206,Ia-3,"(34,53,21)",c_his_not_ours_not_stored,,,,1,,,206
cubic,206,Ia-3,"(34,54,22)",c_his_not_ours_not_stored,,,,1,,,206
cubic,206,Ia-3,"(36,55,21)",c_his_not_ours_not_stored,,,,1,,,206
cubic,206,Ia-3,"(36,56,22)",c_his_not_ours_not_stored,,,,1,,,206
cubic,206,Ia-3,"(37,58,23)",c_his_not_ours_not_stored,,,,1,,,206
cubic,206,Ia-3,"(38,58,22)",c_his_not_ours_not_stored,,,,1,,,206
cubic,206,Ia-3,"(40,61,23)",c_his_not_ours_not_stored,,,,1,,,206
cubic,206,Ia-3,"(41,64,25)",c_his_not_ours_not_stored,,,,1,,,206
cubic,206,Ia-3,"(42,64,24)",c_his_not_ours_not_stored,,,,1,,,206
cubic,206,Ia-3,"(44,67,25)",c_his_not_ours_not_stored,,,,1,,,206
cubic,206,Ia-3,"(46,70,26)",c_his_not_ours_not_stored,,,,1,,,206
cubic,206,Ia-3,"(50,76,28)",c_his_not_ours_not_stored,,,,1,,,206
cubic,207,P432,"(4,6,4)",a_ours_in_his,e1c6bb874212013b,,,1,,,207
cubic,207,P432,"(5,8,5)",a_ours_in_his,42bc5c5af1f296ae,,,1,,,207
cubic,207,P432,"(5,9,6)",a_ours_in_his,8f286dc3c145b5c1,,,1,,,207
cubic,207,P432,"(6,12,8)",a_ours_in_his,3cb6c70abd57e0b9,,,1,,,207
cubic,207,P432,"(8,12,6)",a_ours_in_his,e3faf0283734fac7,,,1,,,207
cubic,207,P432,"(8,15,9)",a_ours_in_his,cb203d1497f608a6,,,1,,,207
cubic,208,P4_232,"(5,9,6)",c_his_not_ours_not_stored,,,,1,,,208
cubic,208,P4_232,"(6,11,7)",c_his_not_ours_not_stored,,,,1,,,208
cubic,208,P4_232,"(6,12,8)",c_his_not_ours_not_stored,,,,1,,,208
cubic,208,P4_232,"(7,13,8)",c_his_not_ours_not_stored,,,,1,,,208
cubic,208,P4_232,"(8,16,10)",a_ours_in_his,3d1a3ee0cfdc0206,,,1,,,208
cubic,208,P4_232,"(9,16,9)",c_his_not_ours_not_stored,,,,1,,,208
cubic,208,P4_232,"(9,17,10)",c_his_not_ours_not_stored,,,,1,,,208
cubic,208,P4_232,"(10,20,12)",a_ours_in_his,9effc8684d8a0250,,,1,,,208
cubic,208,P4_232,"(11,18,9)",c_his_not_ours_not_stored,,,,1,,,208
cubic,208,P4_232,"(11,19,10)",c_his_not_ours_not_stored,,,,1,,,208
cubic,208,P4_232,"(12,19,9)",c_his_not_ours_not_stored,,,,1,,,208
cubic,208,P4_232,"(12,20,10)",c_his_not_ours_not_stored,,,,1,,,208
cubic,208,P4_232,"(13,22,11)",c_his_not_ours_not_stored,,,,1,,,208
cubic,208,P4_232,"(14,23,11)",c_his_not_ours_not_stored,,,,1,,,208
cubic,208,P4_232,"(14,24,12)",a_ours_in_his,1da02fe6c7c6eb73,,,1,,,208
cubic,208,P4_232,"(15,25,12)",c_his_not_ours_not_stored,,,,1,,,208
cubic,208,P4_232,"(16,27,13)",a_ours_in_his,7d9cb42d3e017b02,,,1,,,208
cubic,208,P4_232,"(16,28,14)",a_ours_in_his,e6ba9617aaf7ab80,,,1,,,208
cubic,208,P4_232,"(17,28,13)",a_ours_in_his,a3164ecfcd75d3ec,,,1,,,208
cubic,208,P4_232,"(17,29,14)",c_his_not_ours_not_stored,,,,1,,,208
cubic,208,P4_232,"(17,30,15)",c_his_not_ours_not_stored,,,,1,,,208
cubic,208,P4_232,"(20,32,14)",c_his_not_ours_not_stored,,,,1,,,208
cubic,208,P4_232,"(20,33,15)",a_ours_in_his,54b54f88d19759a3,,,1,,,208
cubic,208,P4_232,"(24,36,14)",a_ours_in_his,31d09faf7fb2bf6f,,,1,,,208
cubic,208,P4_232,"(24,38,16)",a_ours_in_his,093e6d425d7e4fc0,,,1,,,208
cubic,208,P4_232,"(24,39,17)",c_his_not_ours_not_stored,,,,1,,,208
cubic,208,P4_232,"(25,39,16)",a_ours_in_his,ea1baec328356a32,,,1,,,208
cubic,209,F432,"(4,6,4)",c_his_not_ours_not_stored,,,,1,,,209
cubic,209,F432,"(5,8,5)",a_ours_in_his,42bc5c5af1f296ae,,,1,,,209
cubic,209,F432,"(5,9,6)",a_ours_in_his,8f286dc3c145b5c1,,,1,,,209
cubic,209,F432,"(6,12,8)",a_ours_in_his,3cb6c70abd57e0b9,,,1,,,209
cubic,209,F432,"(8,12,6)",a_ours_in_his,e3faf0283734fac7,,,1,,,209
cubic,209,F432,"(8,15,9)",a_ours_in_his,73ae50cb39507abf,,,1,,,209
cubic,209,F432,"(14,24,12)",a_ours_in_his,1da02fe6c7c6eb73,,,1,,,209
cubic,210,F4_132,"(5,8,5)",c_his_not_ours_not_stored,,,,1,,,210
cubic,210,F4_132,"(6,12,8)",b_ours_not_his,3cb6c70abd57e0b9,,,0,,,
cubic,210,F4_132,"(8,12,6)",a_ours_in_his,e3faf0283734fac7,,,1,,,210
cubic,210,F4_132,"(8,13,7)",c_his_not_ours_not_stored,,,,1,,,210
cubic,210,F4_132,"(8,16,10)",a_ours_in_his,3d1a3ee0cfdc0206,,,1,,,210
cubic,210,F4_132,"(9,14,7)",c_his_not_ours_not_stored,,,,1,,,210
cubic,210,F4_132,"(10,15,7)",a_ours_in_his,ca9a19039647d676,,,1,,,210
cubic,210,F4_132,"(10,18,10)",c_his_not_ours_not_stored,,,,1,,,210
cubic,210,F4_132,"(10,20,12)",a_ours_in_his,9effc8684d8a0250,,,1,,,210
cubic,210,F4_132,"(12,22,12)",a_ours_in_his,ddd534b6185c5da1,,,1,,,210
cubic,210,F4_132,"(13,23,12)",c_his_not_ours_not_stored,,,,1,,,210
cubic,210,F4_132,"(14,24,12)",a_ours_in_his,1da02fe6c7c6eb73,,,1,,,210
cubic,210,F4_132,"(15,26,13)",c_his_not_ours_not_stored,,,,1,,,210
cubic,210,F4_132,"(16,27,13)",a_ours_in_his,7d9cb42d3e017b02,,,1,,,210
cubic,210,F4_132,"(16,28,14)",c_his_not_ours_not_stored,,,,1,,,210
cubic,210,F4_132,"(16,30,16)",a_ours_in_his,2001fe7ea92fd0ad,,,1,,,210
cubic,210,F4_132,"(19,32,15)",c_his_not_ours_not_stored,,,,1,,,210
cubic,210,F4_132,"(20,33,15)",c_his_not_ours_not_stored,,,,1,,,210
cubic,210,F4_132,"(24,39,17)",c_his_not_ours_not_stored,,,,1,,,210
cubic,211,I432,"(4,6,4)",a_ours_in_his,e1c6bb874212013b,,,1,,,211
cubic,211,I432,"(5,8,5)",c_his_not_ours_not_stored,,,,1,,,211
cubic,211,I432,"(5,9,6)",a_ours_in_his,8f286dc3c145b5c1,,,1,,,211
cubic,211,I432,"(6,9,5)",a_ours_in_his,a1053191a6317676,,,1,,,211
cubic,211,I432,"(6,12,8)",a_ours_in_his,3cb6c70abd57e0b9,,,1,,,211
cubic,211,I432,"(7,11,6)",c_his_not_ours_not_stored,,,,1,,,211
cubic,211,I432,"(8,12,6)",a_ours_in_his,e3faf0283734fac7,,,1,,,211
cubic,211,I432,"(8,13,7)",c_his_not_ours_not_stored,,,,1,,,211
cubic,211,I432,"(8,15,9)",a_ours_in_his,cb203d1497f608a6,,,1,,,211
cubic,211,I432,"(9,14,7)",c_his_not_ours_not_stored,,,,1,,,211
cubic,211,I432,"(9,17,10)",a_ours_in_his,1c845578c03feb42,,,1,,,211
cubic,211,I432,"(10,15,7)",a_ours_in_his,ca9a19039647d676,,,1,,,211
cubic,211,I432,"(10,17,9)",c_his_not_ours_not_stored,,,,1,,,211
cubic,211,I432,"(10,18,10)",c_his_not_ours_not_stored,,,,1,,,211
cubic,211,I432,"(10,20,12)",a_ours_in_his,9effc8684d8a0250,,,1,,,211
cubic,211,I432,"(11,19,10)",a_ours_in_his,5c4afde4a99b7e18,,,1,,,211
cubic,211,I432,"(12,20,10)",a_ours_in_his,18391c406d2fe823,,,1,,,211
cubic,211,I432,"(12,21,11)",c_his_not_ours_not_stored,,,,1,,,211
cubic,211,I432,"(13,22,11)",c_his_not_ours_not_stored,,,,1,,,211
cubic,211,I432,"(15,25,12)",c_his_not_ours_not_stored,,,,1,,,211
cubic,211,I432,"(16,26,12)",a_ours_in_his,bb9b4185aaf3bd6c,,,1,,,211
cubic,211,I432,"(16,27,13)",c_his_not_ours_not_stored,,,,1,,,211
cubic,211,I432,"(17,28,13)",a_ours_in_his,a3164ecfcd75d3ec,,,1,,,211
cubic,211,I432,"(19,31,14)",c_his_not_ours_not_stored,,,,1,,,211
cubic,211,I432,"(20,32,14)",a_ours_in_his,b1f554d5e1c1ffe1,,,1,,,211
cubic,211,I432,"(24,36,14)",a_ours_in_his,31d09faf7fb2bf6f,,,1,,,211
cubic,211,I432,"(24,38,16)",c_his_not_ours_not_stored,,,,1,,,211
cubic,212,P4_332,"(8,14,8)",a_ours_in_his,ea22673a3a17c26a,,,1,,,212_213
cubic,212,P4_332,"(8,15,9)",c_his_not_ours_not_stored,,,,1,,,212_213
cubic,212,P4_332,"(9,17,10)",c_his_not_ours_not_stored,,,,1,,,212_213
cubic,212,P4_332,"(10,17,9)",c_his_not_ours_not_stored,,,,1,,,212_213
cubic,212,P4_332,"(10,18,10)",c_his_not_ours_not_stored,,,,1,,,212_213
cubic,212,P4_332,"(11,20,11)",c_his_not_ours_not_stored,,,,1,,,212_213
cubic,212,P4_332,"(12,20,10)",c_his_not_ours_not_stored,,,,1,,,212_213
cubic,212,P4_332,"(12,21,11)",c_his_not_ours_not_stored,,,,1,,,212_213
cubic,212,P4_332,"(12,22,12)",a_ours_in_his,971596772f324b8e,,,1,,,212_213
cubic,212,P4_332,"(13,22,11)",c_his_not_ours_not_stored,,,,1,,,212_213
cubic,212,P4_332,"(13,23,12)",c_his_not_ours_not_stored,,,,1,,,212_213
cubic,212,P4_332,"(13,24,13)",c_his_not_ours_not_stored,,,,1,,,212_213
cubic,212,P4_332,"(14,23,11)",c_his_not_ours_not_stored,,,,1,,,212_213
cubic,212,P4_332,"(14,24,12)",c_his_not_ours_not_stored,,,,1,,,212_213
cubic,212,P4_332,"(14,25,13)",c_his_not_ours_not_stored,,,,1,,,212_213
cubic,212,P4_332,"(15,26,13)",c_his_not_ours_not_stored,,,,1,,,212_213
cubic,212,P4_332,"(16,27,13)",a_ours_in_his,2aafa354bb5e01d9,,,1,,,212_213
cubic,212,P4_332,"(16,28,14)",c_his_not_ours_not_stored,,,,1,,,212_213
cubic,212,P4_332,"(16,29,15)",c_his_not_ours_not_stored,,,,1,,,212_213
cubic,212,P4_332,"(16,30,16)",a_ours_in_his,2001fe7ea92fd0ad,,,1,,,212_213
cubic,212,P4_332,"(17,28,13)",c_his_not_ours_not_stored,,,,1,,,212_213
cubic,212,P4_332,"(17,29,14)",c_his_not_ours_not_stored,,,,1,,,212_213
cubic,212,P4_332,"(17,30,15)",c_his_not_ours_not_stored,,,,1,,,212_213
cubic,212,P4_332,"(18,30,14)",c_his_not_ours_not_stored,,,,1,,,212_213
cubic,212,P4_332,"(19,31,14)",c_his_not_ours_not_stored,,,,1,,,212_213
cubic,212,P4_332,"(19,32,15)",c_his_not_ours_not_stored,,,,1,,,212_213
cubic,212,P4_332,"(19,33,16)",c_his_not_ours_not_stored,,,,1,,,212_213
cubic,212,P4_332,"(20,33,15)",c_his_not_ours_not_stored,,,,1,,,212_213
cubic,212,P4_332,"(20,34,16)",c_his_not_ours_not_stored,,,,1,,,212_213
cubic,212,P4_332,"(20,35,17)",c_his_not_ours_not_stored,,,,1,,,212_213
cubic,212,P4_332,"(21,34,15)",c_his_not_ours_not_stored,,,,1,,,212_213
cubic,212,P4_332,"(21,35,16)",c_his_not_ours_not_stored,,,,1,,,212_213
cubic,212,P4_332,"(21,36,17)",c_his_not_ours_not_stored,,,,1,,,212_213
cubic,212,P4_332,"(22,35,15)",a_ours_in_his,cea2f3246210cd55,,,1,,,212_213
cubic,212,P4_332,"(22,36,16)",a_ours_in_his,80f5582684f3bd01;effc729383b9ec06,,,1,,,212_213
cubic,212,P4_332,"(22,37,17)",c_his_not_ours_not_stored,,,,1,,,212_213
cubic,212,P4_332,"(23,36,15)",c_his_not_ours_not_stored,,,,1,,,212_213
cubic,212,P4_332,"(23,37,16)",c_his_not_ours_not_stored,,,,1,,,212_213
cubic,212,P4_332,"(23,38,17)",c_his_not_ours_not_stored,,,,1,,,212_213
cubic,212,P4_332,"(24,38,16)",c_his_not_ours_not_stored,,,,1,,,212_213
cubic,212,P4_332,"(24,39,17)",c_his_not_ours_not_stored,,,,1,,,212_213
cubic,212,P4_332,"(24,40,18)",c_his_not_ours_not_stored,,,,1,,,212_213
cubic,212,P4_332,"(25,40,17)",c_his_not_ours_not_stored,,,,1,,,212_213
cubic,212,P4_332,"(25,41,18)",c_his_not_ours_not_stored,,,,1,,,212_213
cubic,212,P4_332,"(25,42,19)",c_his_not_ours_not_stored,,,,1,,,212_213
cubic,212,P4_332,"(26,41,17)",c_his_not_ours_not_stored,,,,1,,,212_213
cubic,212,P4_332,"(26,42,18)",c_his_not_ours_not_stored,,,,1,,,212_213
cubic,212,P4_332,"(27,43,18)",c_his_not_ours_not_stored,,,,1,,,212_213
cubic,212,P4_332,"(27,44,19)",c_his_not_ours_not_stored,,,,1,,,212_213
cubic,212,P4_332,"(28,44,18)",c_his_not_ours_not_stored,,,,1,,,212_213
cubic,212,P4_332,"(28,45,19)",c_his_not_ours_not_stored,,,,1,,,212_213
cubic,212,P4_332,"(28,46,20)",c_his_not_ours_not_stored,,,,1,,,212_213
cubic,212,P4_332,"(29,45,18)",c_his_not_ours_not_stored,,,,1,,,212_213
cubic,212,P4_332,"(29,46,19)",c_his_not_ours_not_stored,,,,1,,,212_213
cubic,212,P4_332,"(29,47,20)",c_his_not_ours_not_stored,,,,1,,,212_213
cubic,212,P4_332,"(29,48,21)",c_his_not_ours_not_stored,,,,1,,,212_213
cubic,212,P4_332,"(30,45,17)",a_ours_in_his,8c69db9e84095469,,,1,,,212_213
cubic,212,P4_332,"(30,46,18)",a_ours_in_his,c314dedd38208a2e,,,1,,,212_213
cubic,212,P4_332,"(30,47,19)",c_his_not_ours_not_stored,,,,1,,,212_213
cubic,212,P4_332,"(30,48,20)",c_his_not_ours_not_stored,,,,1,,,212_213
cubic,212,P4_332,"(30,49,21)",c_his_not_ours_not_stored,,,,1,,,212_213
cubic,212,P4_332,"(31,48,19)",c_his_not_ours_not_stored,,,,1,,,212_213
cubic,212,P4_332,"(31,49,20)",c_his_not_ours_not_stored,,,,1,,,212_213
cubic,212,P4_332,"(31,50,21)",c_his_not_ours_not_stored,,,,1,,,212_213
cubic,212,P4_332,"(32,48,18)",a_ours_in_his,afeb1ae44c1a3443,,,1,,,212_213
cubic,212,P4_332,"(32,49,19)",c_his_not_ours_not_stored,,,,1,,,212_213
cubic,212,P4_332,"(32,50,20)",c_his_not_ours_not_stored,,,,1,,,212_213
cubic,212,P4_332,"(32,51,21)",c_his_not_ours_not_stored,,,,1,,,212_213
cubic,212,P4_332,"(32,52,22)",c_his_not_ours_not_stored,,,,1,,,212_213
cubic,212,P4_332,"(33,51,20)",c_his_not_ours_not_stored,,,,1,,,212_213
cubic,212,P4_332,"(33,52,21)",c_his_not_ours_not_stored,,,,1,,,212_213
cubic,212,P4_332,"(33,53,22)",c_his_not_ours_not_stored,,,,1,,,212_213
cubic,212,P4_332,"(34,52,20)",c_his_not_ours_not_stored,,,,1,,,212_213
cubic,212,P4_332,"(34,53,21)",c_his_not_ours_not_stored,,,,1,,,212_213
cubic,212,P4_332,"(34,54,22)",c_his_not_ours_not_stored,,,,1,,,212_213
cubic,212,P4_332,"(35,54,21)",c_his_not_ours_not_stored,,,,1,,,212_213
cubic,212,P4_332,"(35,55,22)",c_his_not_ours_not_stored,,,,1,,,212_213
cubic,212,P4_332,"(35,56,23)",c_his_not_ours_not_stored,,,,1,,,212_213
cubic,212,P4_332,"(36,55,21)",c_his_not_ours_not_stored,,,,1,,,212_213
cubic,212,P4_332,"(36,56,22)",c_his_not_ours_not_stored,,,,1,,,212_213
cubic,212,P4_332,"(36,57,23)",c_his_not_ours_not_stored,,,,1,,,212_213
cubic,212,P4_332,"(37,57,22)",a_ours_in_his,ceb70631e274e727,,,1,,,212_213
cubic,212,P4_332,"(37,58,23)",c_his_not_ours_not_stored,,,,1,,,212_213
cubic,212,P4_332,"(38,58,22)",c_his_not_ours_not_stored,,,,1,,,212_213
cubic,212,P4_332,"(38,59,23)",c_his_not_ours_not_stored,,,,1,,,212_213
cubic,212,P4_332,"(39,60,23)",c_his_not_ours_not_stored,,,,1,,,212_213
cubic,212,P4_332,"(39,61,24)",c_his_not_ours_not_stored,,,,1,,,212_213
cubic,212,P4_332,"(39,62,25)",c_his_not_ours_not_stored,,,,1,,,212_213
cubic,212,P4_332,"(40,61,23)",c_his_not_ours_not_stored,,,,1,,,212_213
cubic,212,P4_332,"(40,62,24)",c_his_not_ours_not_stored,,,,1,,,212_213
cubic,212,P4_332,"(40,63,25)",c_his_not_ours_not_stored,,,,1,,,212_213
cubic,212,P4_332,"(41,63,24)",c_his_not_ours_not_stored,,,,1,,,212_213
cubic,212,P4_332,"(41,64,25)",c_his_not_ours_not_stored,,,,1,,,212_213
cubic,212,P4_332,"(42,64,24)",c_his_not_ours_not_stored,,,,1,,,212_213
cubic,212,P4_332,"(42,65,25)",c_his_not_ours_not_stored,,,,1,,,212_213
cubic,212,P4_332,"(43,66,25)",c_his_not_ours_not_stored,,,,1,,,212_213
cubic,212,P4_332,"(43,67,26)",c_his_not_ours_not_stored,,,,1,,,212_213
cubic,212,P4_332,"(44,67,25)",c_his_not_ours_not_stored,,,,1,,,212_213
cubic,212,P4_332,"(44,68,26)",c_his_not_ours_not_stored,,,,1,,,212_213
cubic,212,P4_332,"(45,69,26)",c_his_not_ours_not_stored,,,,1,,,212_213
cubic,212,P4_332,"(46,70,26)",c_his_not_ours_not_stored,,,,1,,,212_213
cubic,212,P4_332,"(46,71,27)",c_his_not_ours_not_stored,,,,1,,,212_213
cubic,212,P4_332,"(48,73,27)",c_his_not_ours_not_stored,,,,1,,,212_213
cubic,212,P4_332,"(50,76,28)",c_his_not_ours_not_stored,,,,1,,,212_213
cubic,212,P4_332,"(52,79,29)",c_his_not_ours_not_stored,,,,1,,,212_213
cubic,213,P4_132,"(8,14,8)",a_ours_in_his,ea22673a3a17c26a,,,1,,,212_213
cubic,213,P4_132,"(8,15,9)",c_his_not_ours_not_stored,,,,1,,,212_213
cubic,213,P4_132,"(9,17,10)",c_his_not_ours_not_stored,,,,1,,,212_213
cubic,213,P4_132,"(10,17,9)",c_his_not_ours_not_stored,,,,1,,,212_213
cubic,213,P4_132,"(10,18,10)",c_his_not_ours_not_stored,,,,1,,,212_213
cubic,213,P4_132,"(11,20,11)",c_his_not_ours_not_stored,,,,1,,,212_213
cubic,213,P4_132,"(12,20,10)",c_his_not_ours_not_stored,,,,1,,,212_213
cubic,213,P4_132,"(12,21,11)",c_his_not_ours_not_stored,,,,1,,,212_213
cubic,213,P4_132,"(12,22,12)",a_ours_in_his,971596772f324b8e,,,1,,,212_213
cubic,213,P4_132,"(13,22,11)",c_his_not_ours_not_stored,,,,1,,,212_213
cubic,213,P4_132,"(13,23,12)",c_his_not_ours_not_stored,,,,1,,,212_213
cubic,213,P4_132,"(13,24,13)",c_his_not_ours_not_stored,,,,1,,,212_213
cubic,213,P4_132,"(14,23,11)",c_his_not_ours_not_stored,,,,1,,,212_213
cubic,213,P4_132,"(14,24,12)",c_his_not_ours_not_stored,,,,1,,,212_213
cubic,213,P4_132,"(14,25,13)",c_his_not_ours_not_stored,,,,1,,,212_213
cubic,213,P4_132,"(15,26,13)",c_his_not_ours_not_stored,,,,1,,,212_213
cubic,213,P4_132,"(16,27,13)",c_his_not_ours_not_stored,,,,1,,,212_213
cubic,213,P4_132,"(16,28,14)",a_ours_in_his,dab82b770ec34253,,,1,,,212_213
cubic,213,P4_132,"(16,29,15)",c_his_not_ours_not_stored,,,,1,,,212_213
cubic,213,P4_132,"(16,30,16)",a_ours_in_his,2001fe7ea92fd0ad,,,1,,,212_213
cubic,213,P4_132,"(17,28,13)",c_his_not_ours_not_stored,,,,1,,,212_213
cubic,213,P4_132,"(17,29,14)",c_his_not_ours_not_stored,,,,1,,,212_213
cubic,213,P4_132,"(17,30,15)",c_his_not_ours_not_stored,,,,1,,,212_213
cubic,213,P4_132,"(18,30,14)",c_his_not_ours_not_stored,,,,1,,,212_213
cubic,213,P4_132,"(19,31,14)",c_his_not_ours_not_stored,,,,1,,,212_213
cubic,213,P4_132,"(19,32,15)",c_his_not_ours_not_stored,,,,1,,,212_213
cubic,213,P4_132,"(19,33,16)",c_his_not_ours_not_stored,,,,1,,,212_213
cubic,213,P4_132,"(20,33,15)",c_his_not_ours_not_stored,,,,1,,,212_213
cubic,213,P4_132,"(20,34,16)",c_his_not_ours_not_stored,,,,1,,,212_213
cubic,213,P4_132,"(20,35,17)",c_his_not_ours_not_stored,,,,1,,,212_213
cubic,213,P4_132,"(21,34,15)",c_his_not_ours_not_stored,,,,1,,,212_213
cubic,213,P4_132,"(21,35,16)",c_his_not_ours_not_stored,,,,1,,,212_213
cubic,213,P4_132,"(21,36,17)",c_his_not_ours_not_stored,,,,1,,,212_213
cubic,213,P4_132,"(22,35,15)",c_his_not_ours_not_stored,,,,1,,,212_213
cubic,213,P4_132,"(22,36,16)",a_ours_in_his,80f5582684f3bd01;effc729383b9ec06,,,1,,,212_213
cubic,213,P4_132,"(22,37,17)",c_his_not_ours_not_stored,,,,1,,,212_213
cubic,213,P4_132,"(23,36,15)",c_his_not_ours_not_stored,,,,1,,,212_213
cubic,213,P4_132,"(23,37,16)",c_his_not_ours_not_stored,,,,1,,,212_213
cubic,213,P4_132,"(23,38,17)",c_his_not_ours_not_stored,,,,1,,,212_213
cubic,213,P4_132,"(24,38,16)",c_his_not_ours_not_stored,,,,1,,,212_213
cubic,213,P4_132,"(24,39,17)",c_his_not_ours_not_stored,,,,1,,,212_213
cubic,213,P4_132,"(24,40,18)",c_his_not_ours_not_stored,,,,1,,,212_213
cubic,213,P4_132,"(25,40,17)",c_his_not_ours_not_stored,,,,1,,,212_213
cubic,213,P4_132,"(25,41,18)",c_his_not_ours_not_stored,,,,1,,,212_213
cubic,213,P4_132,"(25,42,19)",c_his_not_ours_not_stored,,,,1,,,212_213
cubic,213,P4_132,"(26,41,17)",c_his_not_ours_not_stored,,,,1,,,212_213
cubic,213,P4_132,"(26,42,18)",c_his_not_ours_not_stored,,,,1,,,212_213
cubic,213,P4_132,"(27,43,18)",c_his_not_ours_not_stored,,,,1,,,212_213
cubic,213,P4_132,"(27,44,19)",c_his_not_ours_not_stored,,,,1,,,212_213
cubic,213,P4_132,"(28,44,18)",c_his_not_ours_not_stored,,,,1,,,212_213
cubic,213,P4_132,"(28,45,19)",a_ours_in_his,df70dc799acd7711,,,1,,,212_213
cubic,213,P4_132,"(28,46,20)",c_his_not_ours_not_stored,,,,1,,,212_213
cubic,213,P4_132,"(29,45,18)",c_his_not_ours_not_stored,,,,1,,,212_213
cubic,213,P4_132,"(29,46,19)",c_his_not_ours_not_stored,,,,1,,,212_213
cubic,213,P4_132,"(29,47,20)",c_his_not_ours_not_stored,,,,1,,,212_213
cubic,213,P4_132,"(29,48,21)",c_his_not_ours_not_stored,,,,1,,,212_213
cubic,213,P4_132,"(30,45,17)",a_ours_in_his,8c69db9e84095469,,,1,,,212_213
cubic,213,P4_132,"(30,46,18)",a_ours_in_his,c314dedd38208a2e,,,1,,,212_213
cubic,213,P4_132,"(30,47,19)",c_his_not_ours_not_stored,,,,1,,,212_213
cubic,213,P4_132,"(30,48,20)",c_his_not_ours_not_stored,,,,1,,,212_213
cubic,213,P4_132,"(30,49,21)",c_his_not_ours_not_stored,,,,1,,,212_213
cubic,213,P4_132,"(31,48,19)",c_his_not_ours_not_stored,,,,1,,,212_213
cubic,213,P4_132,"(31,49,20)",c_his_not_ours_not_stored,,,,1,,,212_213
cubic,213,P4_132,"(31,50,21)",c_his_not_ours_not_stored,,,,1,,,212_213
cubic,213,P4_132,"(32,48,18)",a_ours_in_his,afeb1ae44c1a3443,,,1,,,212_213
cubic,213,P4_132,"(32,49,19)",c_his_not_ours_not_stored,,,,1,,,212_213
cubic,213,P4_132,"(32,50,20)",c_his_not_ours_not_stored,,,,1,,,212_213
cubic,213,P4_132,"(32,51,21)",c_his_not_ours_not_stored,,,,1,,,212_213
cubic,213,P4_132,"(32,52,22)",c_his_not_ours_not_stored,,,,1,,,212_213
cubic,213,P4_132,"(33,51,20)",c_his_not_ours_not_stored,,,,1,,,212_213
cubic,213,P4_132,"(33,52,21)",c_his_not_ours_not_stored,,,,1,,,212_213
cubic,213,P4_132,"(33,53,22)",c_his_not_ours_not_stored,,,,1,,,212_213
cubic,213,P4_132,"(34,52,20)",c_his_not_ours_not_stored,,,,1,,,212_213
cubic,213,P4_132,"(34,53,21)",c_his_not_ours_not_stored,,,,1,,,212_213
cubic,213,P4_132,"(34,54,22)",c_his_not_ours_not_stored,,,,1,,,212_213
cubic,213,P4_132,"(35,54,21)",c_his_not_ours_not_stored,,,,1,,,212_213
cubic,213,P4_132,"(35,55,22)",c_his_not_ours_not_stored,,,,1,,,212_213
cubic,213,P4_132,"(35,56,23)",c_his_not_ours_not_stored,,,,1,,,212_213
cubic,213,P4_132,"(36,55,21)",c_his_not_ours_not_stored,,,,1,,,212_213
cubic,213,P4_132,"(36,56,22)",c_his_not_ours_not_stored,,,,1,,,212_213
cubic,213,P4_132,"(36,57,23)",c_his_not_ours_not_stored,,,,1,,,212_213
cubic,213,P4_132,"(37,57,22)",a_ours_in_his,ceb70631e274e727,,,1,,,212_213
cubic,213,P4_132,"(37,58,23)",c_his_not_ours_not_stored,,,,1,,,212_213
cubic,213,P4_132,"(38,58,22)",c_his_not_ours_not_stored,,,,1,,,212_213
cubic,213,P4_132,"(38,59,23)",c_his_not_ours_not_stored,,,,1,,,212_213
cubic,213,P4_132,"(39,60,23)",c_his_not_ours_not_stored,,,,1,,,212_213
cubic,213,P4_132,"(39,61,24)",c_his_not_ours_not_stored,,,,1,,,212_213
cubic,213,P4_132,"(39,62,25)",c_his_not_ours_not_stored,,,,1,,,212_213
cubic,213,P4_132,"(40,61,23)",c_his_not_ours_not_stored,,,,1,,,212_213
cubic,213,P4_132,"(40,62,24)",c_his_not_ours_not_stored,,,,1,,,212_213
cubic,213,P4_132,"(40,63,25)",c_his_not_ours_not_stored,,,,1,,,212_213
cubic,213,P4_132,"(41,63,24)",c_his_not_ours_not_stored,,,,1,,,212_213
cubic,213,P4_132,"(41,64,25)",c_his_not_ours_not_stored,,,,1,,,212_213
cubic,213,P4_132,"(42,64,24)",c_his_not_ours_not_stored,,,,1,,,212_213
cubic,213,P4_132,"(42,65,25)",c_his_not_ours_not_stored,,,,1,,,212_213
cubic,213,P4_132,"(43,66,25)",c_his_not_ours_not_stored,,,,1,,,212_213
cubic,213,P4_132,"(43,67,26)",c_his_not_ours_not_stored,,,,1,,,212_213
cubic,213,P4_132,"(44,67,25)",c_his_not_ours_not_stored,,,,1,,,212_213
cubic,213,P4_132,"(44,68,26)",c_his_not_ours_not_stored,,,,1,,,212_213
cubic,213,P4_132,"(45,69,26)",c_his_not_ours_not_stored,,,,1,,,212_213
cubic,213,P4_132,"(46,70,26)",c_his_not_ours_not_stored,,,,1,,,212_213
cubic,213,P4_132,"(46,71,27)",c_his_not_ours_not_stored,,,,1,,,212_213
cubic,213,P4_132,"(48,73,27)",c_his_not_ours_not_stored,,,,1,,,212_213
cubic,213,P4_132,"(50,76,28)",c_his_not_ours_not_stored,,,,1,,,212_213
cubic,213,P4_132,"(52,79,29)",c_his_not_ours_not_stored,,,,1,,,212_213
cubic,214,I4_132,"(9,16,9)",c_his_not_ours_not_stored,,,,1,,,214
cubic,214,I4_132,"(10,17,9)",b_ours_not_his,f3d0f39a0b9676b9,,,0,,,
cubic,214,I4_132,"(12,22,12)",b_ours_not_his,971596772f324b8e,,,0,,,
cubic,214,I4_132,"(13,21,10)",c_his_not_ours_not_stored,,,,1,,,214
cubic,214,I4_132,"(13,22,11)",a_ours_in_his,f037247acdde20aa,,,1,,,214
cubic,214,I4_132,"(14,24,12)",c_his_not_ours_not_stored,,,,1,,,214
cubic,214,I4_132,"(14,25,13)",c_his_not_ours_not_stored,,,,1,,,214
cubic,214,I4_132,"(15,26,13)",c_his_not_ours_not_stored,,,,1,,,214
cubic,214,I4_132,"(16,26,12)",c_his_not_ours_not_stored,,,,1,,,214
cubic,214,I4_132,"(16,27,13)",a_ours_in_his,2aafa354bb5e01d9;ff0921cada9796e2,,,1,,,214
cubic,214,I4_132,"(16,28,14)",a_ours_in_his,dab82b770ec34253,,,1,,,214
cubic,214,I4_132,"(17,27,12)",c_his_not_ours_not_stored,,,,1,,,214
cubic,214,I4_132,"(17,28,13)",c_his_not_ours_not_stored,,,,1,,,214
cubic,214,I4_132,"(17,29,14)",c_his_not_ours_not_stored,,,,1,,,214
cubic,214,I4_132,"(18,29,13)",c_his_not_ours_not_stored,,,,1,,,214
cubic,214,I4_132,"(18,30,14)",c_his_not_ours_not_stored,,,,1,,,214
cubic,214,I4_132,"(19,30,13)",c_his_not_ours_not_stored,,,,1,,,214
cubic,214,I4_132,"(19,31,14)",c_his_not_ours_not_stored,,,,1,,,214
cubic,214,I4_132,"(19,32,15)",c_his_not_ours_not_stored,,,,1,,,214
cubic,214,I4_132,"(20,32,14)",c_his_not_ours_not_stored,,,,1,,,214
cubic,214,I4_132,"(20,33,15)",c_his_not_ours_not_stored,,,,1,,,214
cubic,214,I4_132,"(21,34,15)",c_his_not_ours_not_stored,,,,1,,,214
cubic,214,I4_132,"(21,35,16)",c_his_not_ours_not_stored,,,,1,,,214
cubic,214,I4_132,"(22,35,15)",a_ours_in_his,cea2f3246210cd55,,,1,,,214
cubic,214,I4_132,"(23,36,15)",c_his_not_ours_not_stored,,,,1,,,214
cubic,214,I4_132,"(23,37,16)",c_his_not_ours_not_stored,,,,1,,,214
cubic,214,I4_132,"(24,36,14)",a_ours_in_his,31d09faf7fb2bf6f,,,1,,,214
cubic,214,I4_132,"(24,37,15)",c_his_not_ours_not_stored,,,,1,,,214
cubic,214,I4_132,"(24,38,16)",a_ours_in_his,cb7114c8a5122943,,,1,,,214
cubic,214,I4_132,"(24,39,17)",c_his_not_ours_not_stored,,,,1,,,214
cubic,214,I4_132,"(25,39,16)",c_his_not_ours_not_stored,,,,1,,,214
cubic,214,I4_132,"(25,40,17)",c_his_not_ours_not_stored,,,,1,,,214
cubic,214,I4_132,"(25,41,18)",c_his_not_ours_not_stored,,,,1,,,214
cubic,214,I4_132,"(26,40,16)",a_ours_in_his,37c8918c625da53c,,,1,,,214
cubic,214,I4_132,"(26,41,17)",c_his_not_ours_not_stored,,,,1,,,214
cubic,214,I4_132,"(26,42,18)",c_his_not_ours_not_stored,,,,1,,,214
cubic,214,I4_132,"(26,43,19)",c_his_not_ours_not_stored,,,,1,,,214
cubic,214,I4_132,"(27,42,17)",c_his_not_ours_not_stored,,,,1,,,214
cubic,214,I4_132,"(27,43,18)",c_his_not_ours_not_stored,,,,1,,,214
cubic,214,I4_132,"(27,44,19)",c_his_not_ours_not_stored,,,,1,,,214
cubic,214,I4_132,"(28,43,17)",c_his_not_ours_not_stored,,,,1,,,214
cubic,214,I4_132,"(28,44,18)",c_his_not_ours_not_stored,,,,1,,,214
cubic,214,I4_132,"(29,45,18)",c_his_not_ours_not_stored,,,,1,,,214
cubic,214,I4_132,"(29,46,19)",c_his_not_ours_not_stored,,,,1,,,214
cubic,214,I4_132,"(30,45,17)",a_ours_in_his,8c69db9e84095469,,,1,,,214
cubic,214,I4_132,"(30,46,18)",c_his_not_ours_not_stored,,,,1,,,214
cubic,214,I4_132,"(30,47,19)",a_ours_in_his,3497979d000ba708;aa6b0077c3234d24,,,1,,,214
cubic,214,I4_132,"(30,49,21)",c_his_not_ours_not_stored,,,,1,,,214
cubic,214,I4_132,"(31,48,19)",c_his_not_ours_not_stored,,,,1,,,214
cubic,214,I4_132,"(31,49,20)",c_his_not_ours_not_stored,,,,1,,,214
cubic,214,I4_132,"(32,49,19)",c_his_not_ours_not_stored,,,,1,,,214
cubic,214,I4_132,"(32,50,20)",c_his_not_ours_not_stored,,,,1,,,214
cubic,214,I4_132,"(33,51,20)",c_his_not_ours_not_stored,,,,1,,,214
cubic,214,I4_132,"(33,52,21)",c_his_not_ours_not_stored,,,,1,,,214
cubic,214,I4_132,"(34,52,20)",c_his_not_ours_not_stored,,,,1,,,214
cubic,214,I4_132,"(34,53,21)",c_his_not_ours_not_stored,,,,1,,,214
cubic,214,I4_132,"(34,55,23)",c_his_not_ours_not_stored,,,,1,,,214
cubic,214,I4_132,"(35,54,21)",c_his_not_ours_not_stored,,,,1,,,214
cubic,214,I4_132,"(35,55,22)",c_his_not_ours_not_stored,,,,1,,,214
cubic,214,I4_132,"(36,55,21)",c_his_not_ours_not_stored,,,,1,,,214
cubic,214,I4_132,"(36,56,22)",c_his_not_ours_not_stored,,,,1,,,214
cubic,214,I4_132,"(37,57,22)",c_his_not_ours_not_stored,,,,1,,,214
cubic,214,I4_132,"(37,58,23)",c_his_not_ours_not_stored,,,,1,,,214
cubic,214,I4_132,"(38,58,22)",c_his_not_ours_not_stored,,,,1,,,214
cubic,214,I4_132,"(38,59,23)",c_his_not_ours_not_stored,,,,1,,,214
cubic,214,I4_132,"(39,60,23)",c_his_not_ours_not_stored,,,,1,,,214
cubic,214,I4_132,"(39,61,24)",c_his_not_ours_not_stored,,,,1,,,214
cubic,214,I4_132,"(40,61,23)",c_his_not_ours_not_stored,,,,1,,,214
cubic,214,I4_132,"(41,63,24)",c_his_not_ours_not_stored,,,,1,,,214
cubic,214,I4_132,"(41,64,25)",c_his_not_ours_not_stored,,,,1,,,214
cubic,214,I4_132,"(42,64,24)",c_his_not_ours_not_stored,,,,1,,,214
cubic,214,I4_132,"(43,66,25)",c_his_not_ours_not_stored,,,,1,,,214
cubic,214,I4_132,"(43,67,26)",c_his_not_ours_not_stored,,,,1,,,214
cubic,214,I4_132,"(44,67,25)",c_his_not_ours_not_stored,,,,1,,,214
cubic,214,I4_132,"(45,69,26)",c_his_not_ours_not_stored,,,,1,,,214
cubic,214,I4_132,"(45,70,27)",c_his_not_ours_not_stored,,,,1,,,214
cubic,214,I4_132,"(46,70,26)",c_his_not_ours_not_stored,,,,1,,,214
cubic,214,I4_132,"(47,72,27)",c_his_not_ours_not_stored,,,,1,,,214
cubic,214,I4_132,"(47,73,28)",c_his_not_ours_not_stored,,,,1,,,214
cubic,214,I4_132,"(48,73,27)",c_his_not_ours_not_stored,,,,1,,,214
cubic,214,I4_132,"(49,75,28)",c_his_not_ours_not_stored,,,,1,,,214
cubic,214,I4_132,"(49,76,29)",c_his_not_ours_not_stored,,,,1,,,214
cubic,214,I4_132,"(50,76,28)",c_his_not_ours_not_stored,,,,1,,,214
cubic,214,I4_132,"(51,78,29)",c_his_not_ours_not_stored,,,,1,,,214
cubic,214,I4_132,"(51,79,30)",c_his_not_ours_not_stored,,,,1,,,214
cubic,214,I4_132,"(52,79,29)",c_his_not_ours_not_stored,,,,1,,,214
cubic,214,I4_132,"(53,81,30)",c_his_not_ours_not_stored,,,,1,,,214
cubic,214,I4_132,"(53,82,31)",c_his_not_ours_not_stored,,,,1,,,214
cubic,214,I4_132,"(54,82,30)",c_his_not_ours_not_stored,,,,1,,,214
cubic,214,I4_132,"(55,84,31)",c_his_not_ours_not_stored,,,,1,,,214
cubic,214,I4_132,"(55,85,32)",c_his_not_ours_not_stored,,,,1,,,214
cubic,214,I4_132,"(56,85,31)",c_his_not_ours_not_stored,,,,1,,,214
cubic,214,I4_132,"(57,88,33)",c_his_not_ours_not_stored,,,,1,,,214
cubic,214,I4_132,"(58,88,32)",c_his_not_ours_not_stored,,,,1,,,214
cubic,214,I4_132,"(59,90,33)",c_his_not_ours_not_stored,,,,1,,,214
cubic,214,I4_132,"(60,91,33)",c_his_not_ours_not_stored,,,,1,,,214
cubic,214,I4_132,"(61,93,34)",c_his_not_ours_not_stored,,,,1,,,214
cubic,214,I4_132,"(61,94,35)",c_his_not_ours_not_stored,,,,1,,,214
cubic,214,I4_132,"(62,94,34)",c_his_not_ours_not_stored,,,,1,,,214
cubic,214,I4_132,"(63,96,35)",c_his_not_ours_not_stored,,,,1,,,214
cubic,214,I4_132,"(64,97,35)",c_his_not_ours_not_stored,,,,1,,,214
cubic,214,I4_132,"(66,100,36)",c_his_not_ours_not_stored,,,,1,,,214
cubic,214,I4_132,"(68,103,37)",c_his_not_ours_not_stored,,,,1,,,214
cubic,214,I4_132,"(70,106,38)",c_his_not_ours_not_stored,,,,1,,,214
cubic,215,P-43m,"(4,6,4)",a_ours_in_his,e1c6bb874212013b,,,1,,,215
cubic,215,P-43m,"(5,8,5)",a_ours_in_his,42bc5c5af1f296ae,,,1,,,215
cubic,215,P-43m,"(5,9,6)",a_ours_in_his,8f286dc3c145b5c1,,,1,,,215
cubic,215,P-43m,"(6,9,5)",a_ours_in_his,a1053191a6317676,,,1,,,215
cubic,215,P-43m,"(6,12,8)",a_ours_in_his,3cb6c70abd57e0b9,,,1,,,215
cubic,215,P-43m,"(8,12,6)",a_ours_in_his,e3faf0283734fac7,,,1,,,215
cubic,215,P-43m,"(8,13,7)",a_ours_in_his,4ab699adbeb533b0,,,1,,,215
cubic,215,P-43m,"(14,24,12)",a_ours_in_his,1da02fe6c7c6eb73,,,1,,,215
cubic,216,F-43m,"(4,6,4)",a_ours_in_his,e1c6bb874212013b,,,1,,,216
cubic,216,F-43m,"(5,8,5)",a_ours_in_his,42bc5c5af1f296ae,,,1,,,216
cubic,216,F-43m,"(6,12,8)",a_ours_in_his,3cb6c70abd57e0b9,,,1,,,216
cubic,216,F-43m,"(8,12,6)",a_ours_in_his,e3faf0283734fac7,,,1,,,216
cubic,216,F-43m,"(14,24,12)",a_ours_in_his,1da02fe6c7c6eb73,,,1,,,216
cubic,217,I-43m,"(4,6,4)",a_ours_in_his,e1c6bb874212013b,,,1,,,217
cubic,217,I-43m,"(5,8,5)",c_his_not_ours_not_stored,,,,1,,,217
cubic,217,I-43m,"(5,9,6)",a_ours_in_his,8f286dc3c145b5c1,,,1,,,217
cubic,217,I-43m,"(6,9,5)",a_ours_in_his,a1053191a6317676,,,1,,,217
cubic,217,I-43m,"(6,10,6)",c_his_not_ours_not_stored,,,,1,,,217
cubic,217,I-43m,"(6,12,8)",a_ours_in_his,3cb6c70abd57e0b9,,,1,,,217
cubic,217,I-43m,"(7,11,6)",c_his_not_ours_not_stored,,,,1,,,217
cubic,217,I-43m,"(8,12,6)",a_ours_in_his,e3faf0283734fac7,,,1,,,217
cubic,217,I-43m,"(8,15,9)",c_his_not_ours_not_stored,,,,1,,,217
cubic,217,I-43m,"(9,17,10)",a_ours_in_his,1c845578c03feb42,,,1,,,217
cubic,217,I-43m,"(10,15,7)",c_his_not_ours_not_stored,,,,1,,,217
cubic,217,I-43m,"(10,17,9)",a_ours_in_his,1c5d013b7a344bfb,,,1,,,217
cubic,217,I-43m,"(10,20,12)",a_ours_in_his,9effc8684d8a0250,,,1,,,217
cubic,217,I-43m,"(11,19,10)",a_ours_in_his,5c4afde4a99b7e18,,,1,,,217
cubic,217,I-43m,"(12,19,9)",a_ours_in_his,c5962af3dcab8e26,,,1,,,217
cubic,217,I-43m,"(12,20,10)",a_ours_in_his,18391c406d2fe823,,,1,,,217
cubic,217,I-43m,"(14,23,11)",c_his_not_ours_not_stored,,,,1,,,217
cubic,217,I-43m,"(17,28,13)",a_ours_in_his,a3164ecfcd75d3ec,,,1,,,217
cubic,217,I-43m,"(24,36,14)",a_ours_in_his,31d09faf7fb2bf6f,,,1,,,217
cubic,217,I-43m,"(26,39,15)",a_ours_in_his,1148b1810c34b982,,,1,,,217
cubic,218,P-43n,"(5,9,6)",c_his_not_ours_not_stored,,,,1,,,218
cubic,218,P-43n,"(6,10,6)",c_his_not_ours_not_stored,,,,1,,,218
cubic,218,P-43n,"(6,12,8)",c_his_not_ours_not_stored,,,,1,,,218
cubic,218,P-43n,"(7,13,8)",c_his_not_ours_not_stored,,,,1,,,218
cubic,218,P-43n,"(8,12,6)",a_ours_in_his,e3faf0283734fac7,,,1,,,218
cubic,218,P-43n,"(8,15,9)",c_his_not_ours_not_stored,,,,1,,,218
cubic,218,P-43n,"(8,16,10)",a_ours_in_his,3d1a3ee0cfdc0206,,,1,,,218
cubic,218,P-43n,"(9,17,10)",c_his_not_ours_not_stored,,,,1,,,218
cubic,218,P-43n,"(10,17,9)",c_his_not_ours_not_stored,,,,1,,,218
cubic,218,P-43n,"(10,20,12)",a_ours_in_his,9effc8684d8a0250,,,1,,,218
cubic,218,P-43n,"(11,19,10)",c_his_not_ours_not_stored,,,,1,,,218
cubic,218,P-43n,"(12,19,9)",c_his_not_ours_not_stored,,,,1,,,218
cubic,218,P-43n,"(12,20,10)",c_his_not_ours_not_stored,,,,1,,,218
cubic,218,P-43n,"(13,22,11)",c_his_not_ours_not_stored,,,,1,,,218
cubic,218,P-43n,"(14,23,11)",c_his_not_ours_not_stored,,,,1,,,218
cubic,218,P-43n,"(14,24,12)",c_his_not_ours_not_stored,,,,1,,,218
cubic,218,P-43n,"(15,26,13)",c_his_not_ours_not_stored,,,,1,,,218
cubic,218,P-43n,"(16,27,13)",c_his_not_ours_not_stored,,,,1,,,218
cubic,218,P-43n,"(16,28,14)",a_ours_in_his,e6ba9617aaf7ab80,,,1,,,218
cubic,218,P-43n,"(17,28,13)",a_ours_in_his,a3164ecfcd75d3ec,,,1,,,218
cubic,218,P-43n,"(18,29,13)",c_his_not_ours_not_stored,,,,1,,,218
cubic,218,P-43n,"(19,30,13)",c_his_not_ours_not_stored,,,,1,,,218
cubic,218,P-43n,"(20,32,14)",c_his_not_ours_not_stored,,,,1,,,218
cubic,218,P-43n,"(20,33,15)",c_his_not_ours_not_stored,,,,1,,,218
cubic,218,P-43n,"(22,35,15)",a_ours_in_his,21d94ee4a2af0f9f,,,1,,,218
cubic,218,P-43n,"(24,36,14)",a_ours_in_his,31d09faf7fb2bf6f,,,1,,,218
cubic,218,P-43n,"(24,38,16)",c_his_not_ours_not_stored,,,,1,,,218
cubic,218,P-43n,"(24,39,17)",c_his_not_ours_not_stored,,,,1,,,218
cubic,218,P-43n,"(26,39,15)",a_ours_in_his,1148b1810c34b982,,,1,,,218
cubic,218,P-43n,"(26,41,17)",c_his_not_ours_not_stored,,,,1,,,218
cubic,219,F-43c,"(4,6,4)",c_his_not_ours_not_stored,,,,1,,,219
cubic,219,F-43c,"(5,8,5)",a_ours_in_his,42bc5c5af1f296ae,,,1,,,219
cubic,219,F-43c,"(5,9,6)",c_his_not_ours_not_stored,,,,1,,,219
cubic,219,F-43c,"(6,12,8)",a_ours_in_his,3cb6c70abd57e0b9,,,1,,,219
cubic,219,F-43c,"(8,12,6)",a_ours_in_his,e3faf0283734fac7,,,1,,,219
cubic,219,F-43c,"(8,13,7)",c_his_not_ours_not_stored,,,,1,,,219
cubic,219,F-43c,"(8,15,9)",c_his_not_ours_not_stored,,,,1,,,219
cubic,219,F-43c,"(14,24,12)",a_ours_in_his,1c61fe8a173a95f3;1da02fe6c7c6eb73,,,1,,,219
cubic,220,I-43d,"(8,15,9)",c_his_not_ours_not_stored,,,,1,,,220
cubic,220,I-43d,"(8,17,11)",c_his_not_ours_not_stored,,,,1,,,220
cubic,220,I-43d,"(9,18,11)",a_ours_in_his,e5f952f88b3beade,,,1,,,220
cubic,220,I-43d,"(10,19,11)",c_his_not_ours_not_stored,,,,1,,,220
cubic,220,I-43d,"(12,20,10)",c_his_not_ours_not_stored,,,,1,,,220
cubic,220,I-43d,"(12,22,12)",a_ours_in_his,dfccc9ff6019ead5,,,1,,,220
cubic,220,I-43d,"(13,23,12)",c_his_not_ours_not_stored,,,,1,,,220
cubic,220,I-43d,"(14,24,12)",a_ours_in_his,2508b5bfd6393c2c,,,1,,,220
cubic,220,I-43d,"(14,25,13)",c_his_not_ours_not_stored,,,,1,,,220
cubic,220,I-43d,"(15,24,11)",c_his_not_ours_not_stored,,,,1,,,220
cubic,220,I-43d,"(15,26,13)",a_ours_in_his,dd90029f74b374ae,,,1,,,220
cubic,220,I-43d,"(16,25,11)",b_ours_not_his,8cf50403cf88c455,,,0,,,
cubic,220,I-43d,"(16,26,12)",c_his_not_ours_not_stored,,,,1,,,220
cubic,220,I-43d,"(16,27,13)",c_his_not_ours_not_stored,,,,1,,,220
cubic,220,I-43d,"(16,28,14)",c_his_not_ours_not_stored,,,,1,,,220
cubic,220,I-43d,"(17,27,12)",c_his_not_ours_not_stored,,,,1,,,220
cubic,220,I-43d,"(17,28,13)",c_his_not_ours_not_stored,,,,1,,,220
cubic,220,I-43d,"(17,29,14)",c_his_not_ours_not_stored,,,,1,,,220
cubic,220,I-43d,"(18,29,13)",c_his_not_ours_not_stored,,,,1,,,220
cubic,220,I-43d,"(18,30,14)",c_his_not_ours_not_stored,,,,1,,,220
cubic,220,I-43d,"(18,31,15)",c_his_not_ours_not_stored,,,,1,,,220
cubic,220,I-43d,"(19,31,14)",c_his_not_ours_not_stored,,,,1,,,220
cubic,220,I-43d,"(19,32,15)",a_ours_in_his,d92507e86522ff33,,,1,,,220
cubic,220,I-43d,"(19,33,16)",c_his_not_ours_not_stored,,,,1,,,220
cubic,220,I-43d,"(20,32,14)",a_ours_in_his,1006ba9d7710fc74,,,1,,,220
cubic,220,I-43d,"(20,33,15)",c_his_not_ours_not_stored,,,,1,,,220
cubic,220,I-43d,"(21,32,13)",c_his_not_ours_not_stored,,,,1,,,220
cubic,220,I-43d,"(21,33,14)",c_his_not_ours_not_stored,,,,1,,,220
cubic,220,I-43d,"(21,34,15)",c_his_not_ours_not_stored,,,,1,,,220
cubic,220,I-43d,"(22,34,14)",c_his_not_ours_not_stored,,,,1,,,220
cubic,220,I-43d,"(22,35,15)",a_ours_in_his,0ee26ed471c923e2,,,1,,,220
cubic,220,I-43d,"(23,35,14)",c_his_not_ours_not_stored,,,,1,,,220
cubic,220,I-43d,"(23,37,16)",c_his_not_ours_not_stored,,,,1,,,220
cubic,220,I-43d,"(24,36,14)",a_ours_in_his,31d09faf7fb2bf6f,,,1,,,220
cubic,220,I-43d,"(24,37,15)",c_his_not_ours_not_stored,,,,1,,,220
cubic,220,I-43d,"(24,38,16)",c_his_not_ours_not_stored,,,,1,,,220
cubic,220,I-43d,"(24,39,17)",c_his_not_ours_not_stored,,,,1,,,220
cubic,220,I-43d,"(25,38,15)",c_his_not_ours_not_stored,,,,1,,,220
cubic,220,I-43d,"(25,39,16)",c_his_not_ours_not_stored,,,,1,,,220
cubic,220,I-43d,"(25,40,17)",c_his_not_ours_not_stored,,,,1,,,220
cubic,220,I-43d,"(26,40,16)",c_his_not_ours_not_stored,,,,1,,,220
cubic,220,I-43d,"(26,41,17)",c_his_not_ours_not_stored,,,,1,,,220
cubic,220,I-43d,"(26,42,18)",c_his_not_ours_not_stored,,,,1,,,220
cubic,220,I-43d,"(27,41,16)",c_his_not_ours_not_stored,,,,1,,,220
cubic,220,I-43d,"(27,42,17)",c_his_not_ours_not_stored,,,,1,,,220
cubic,220,I-43d,"(27,43,18)",c_his_not_ours_not_stored,,,,1,,,220
cubic,220,I-43d,"(28,43,17)",c_his_not_ours_not_stored,,,,1,,,220
cubic,220,I-43d,"(28,44,18)",c_his_not_ours_not_stored,,,,1,,,220
cubic,220,I-43d,"(29,44,17)",c_his_not_ours_not_stored,,,,1,,,220
cubic,220,I-43d,"(29,45,18)",c_his_not_ours_not_stored,,,,1,,,220
cubic,220,I-43d,"(29,46,19)",c_his_not_ours_not_stored,,,,1,,,220
cubic,220,I-43d,"(30,45,17)",a_ours_in_his,998994bcf8df722b,,,1,,,220
cubic,220,I-43d,"(30,46,18)",c_his_not_ours_not_stored,,,,1,,,220
cubic,220,I-43d,"(32,49,19)",c_his_not_ours_not_stored,,,,1,,,220
cubic,220,I-43d,"(32,50,20)",c_his_not_ours_not_stored,,,,1,,,220
cubic,220,I-43d,"(33,52,21)",c_his_not_ours_not_stored,,,,1,,,220
cubic,220,I-43d,"(34,52,20)",c_his_not_ours_not_stored,,,,1,,,220
cubic,220,I-43d,"(36,55,21)",c_his_not_ours_not_stored,,,,1,,,220
cubic,220,I-43d,"(37,58,23)",c_his_not_ours_not_stored,,,,1,,,220
cubic,220,I-43d,"(38,58,22)",c_his_not_ours_not_stored,,,,1,,,220
cubic,220,I-43d,"(40,61,23)",c_his_not_ours_not_stored,,,,1,,,220
cubic,220,I-43d,"(42,64,24)",c_his_not_ours_not_stored,,,,1,,,220
cubic,220,I-43d,"(44,67,25)",c_his_not_ours_not_stored,,,,1,,,220
cubic,221,Pm-3m,"(4,6,4)",a_ours_in_his,e1c6bb874212013b,,,1,,,221
cubic,221,Pm-3m,"(5,8,5)",a_ours_in_his,42bc5c5af1f296ae,,,1,,,221
cubic,221,Pm-3m,"(5,9,6)",a_ours_in_his,8f286dc3c145b5c1,,,1,,,221
cubic,221,Pm-3m,"(6,12,8)",a_ours_in_his,3cb6c70abd57e0b9,,,1,,,221
cubic,221,Pm-3m,"(8,12,6)",a_ours_in_his,e3faf0283734fac7,,,1,,,221
cubic,222,Pn-3n,"(4,6,4)",b_ours_not_his,e1c6bb874212013b,,,0,,,
cubic,222,Pn-3n,"(5,8,5)",c_his_not_ours_not_stored,,,,1,,,222
cubic,222,Pn-3n,"(5,9,6)",b_ours_not_his,8f286dc3c145b5c1,,,0,,,
cubic,222,Pn-3n,"(6,9,5)",b_ours_not_his,a1053191a6317676,,,0,,,
cubic,222,Pn-3n,"(6,12,8)",a_ours_in_his,3cb6c70abd57e0b9,,,1,,,222
cubic,222,Pn-3n,"(8,12,6)",a_ours_in_his,e3faf0283734fac7,,,1,,,222
cubic,222,Pn-3n,"(8,13,7)",c_his_not_ours_not_stored,,,,1,,,222
cubic,222,Pn-3n,"(9,14,7)",c_his_not_ours_not_stored,,,,1,,,222
cubic,222,Pn-3n,"(9,17,10)",b_ours_not_his,1c845578c03feb42,,,0,,,
cubic,222,Pn-3n,"(10,15,7)",a_ours_in_his,ca9a19039647d676,,,1,,,222
cubic,222,Pn-3n,"(10,20,12)",b_ours_not_his,9effc8684d8a0250,,,0,,,
cubic,222,Pn-3n,"(11,19,10)",b_ours_not_his,5c4afde4a99b7e18,,,0,,,
cubic,222,Pn-3n,"(12,20,10)",a_ours_in_his,18391c406d2fe823,,,1,,,222
cubic,222,Pn-3n,"(14,23,11)",a_ours_in_his,d995cf9c001c7056,,,1,,,222
cubic,222,Pn-3n,"(17,28,13)",a_ours_in_his,a3164ecfcd75d3ec,,,1,,,222
cubic,222,Pn-3n,"(18,29,13)",c_his_not_ours_not_stored,,,,1,,,222
cubic,222,Pn-3n,"(24,36,14)",a_ours_in_his,31d09faf7fb2bf6f,,,1,,,222
cubic,223,Pm-3n,"(5,8,5)",c_his_not_ours_not_stored,,,,1,,,223
cubic,223,Pm-3n,"(5,9,6)",a_ours_in_his,8f286dc3c145b5c1,,,1,,,223
cubic,223,Pm-3n,"(6,10,6)",a_ours_in_his,920b287204a10d5a,,,1,,,223
cubic,223,Pm-3n,"(6,12,8)",a_ours_in_his,3cb6c70abd57e0b9,,,1,,,223
cubic,223,Pm-3n,"(7,12,7)",c_his_not_ours_not_stored,,,,1,,,223
cubic,223,Pm-3n,"(7,13,8)",a_ours_in_his,656d9056ac5f71b1,,,1,,,223
cubic,223,Pm-3n,"(8,12,6)",a_ours_in_his,e3faf0283734fac7,,,1,,,223
cubic,223,Pm-3n,"(8,13,7)",a_ours_in_his,4ab699adbeb533b0,,,1,,,223
cubic,223,Pm-3n,"(8,16,10)",a_ours_in_his,3d1a3ee0cfdc0206;e1c8fb393143bb7d,,,1,,,223
cubic,223,Pm-3n,"(9,14,7)",c_his_not_ours_not_stored,,,,1,,,223
cubic,223,Pm-3n,"(9,17,10)",a_ours_in_his,1c845578c03feb42,,,1,,,223
cubic,223,Pm-3n,"(10,15,7)",a_ours_in_his,ca9a19039647d676,,,1,,,223
cubic,223,Pm-3n,"(10,16,8)",c_his_not_ours_not_stored,,,,1,,,223
cubic,223,Pm-3n,"(10,20,12)",a_ours_in_his,9effc8684d8a0250,,,1,,,223
cubic,223,Pm-3n,"(11,19,10)",a_ours_in_his,4adc28c1904f92e2;5c4afde4a99b7e18;864f0730e9e2ab41,,,1,,,223
cubic,223,Pm-3n,"(12,20,10)",a_ours_in_his,18391c406d2fe823,,,1,,,223
cubic,223,Pm-3n,"(13,22,11)",a_ours_in_his,481d26d16f89a9f8;bc4a89d3111082c9,,,1,,,223
cubic,223,Pm-3n,"(16,28,14)",a_ours_in_his,e6ba9617aaf7ab80,,,1,,,223
cubic,223,Pm-3n,"(17,28,13)",a_ours_in_his,a3164ecfcd75d3ec,,,1,,,223
cubic,223,Pm-3n,"(24,36,14)",a_ours_in_his,31d09faf7fb2bf6f,,,1,,,223
cubic,224,Pn-3m,"(4,6,4)",b_ours_not_his,e1c6bb874212013b,,,0,,,
cubic,224,Pn-3m,"(5,9,6)",b_ours_not_his,8f286dc3c145b5c1,,,0,,,
cubic,224,Pn-3m,"(6,9,5)",b_ours_not_his,a1053191a6317676,,,0,,,
cubic,224,Pn-3m,"(6,11,7)",b_ours_not_his,d2d935e5499e6e11,,,0,,,
cubic,224,Pn-3m,"(6,12,8)",a_ours_in_his,3cb6c70abd57e0b9,,,1,,,224
cubic,224,Pn-3m,"(8,12,6)",a_ours_in_his,e3faf0283734fac7,,,1,,,224
cubic,224,Pn-3m,"(9,17,10)",b_ours_not_his,1c845578c03feb42,,,0,,,
cubic,224,Pn-3m,"(10,15,7)",b_ours_not_his,f98a3ee5675fc121,,,0,,,
cubic,224,Pn-3m,"(10,20,12)",b_ours_not_his,9effc8684d8a0250,,,0,,,
cubic,224,Pn-3m,"(11,18,9)",b_ours_not_his,9b69eefb8bd8437c,,,0,,,
cubic,224,Pn-3m,"(11,19,10)",b_ours_not_his,5c4afde4a99b7e18,,,0,,,
cubic,224,Pn-3m,"(12,19,9)",a_ours_in_his,c5962af3dcab8e26,,,1,,,224
cubic,224,Pn-3m,"(12,20,10)",a_ours_in_his,18391c406d2fe823,,,1,,,224
cubic,224,Pn-3m,"(14,23,11)",b_ours_not_his,c4ea3f32fdd6dc51,,,0,,,
cubic,224,Pn-3m,"(14,24,12)",a_ours_in_his,1da02fe6c7c6eb73,,,1,,,224
cubic,224,Pn-3m,"(17,28,13)",a_ours_in_his,a3164ecfcd75d3ec,,,1,,,224
cubic,224,Pn-3m,"(24,36,14)",a_ours_in_his,31d09faf7fb2bf6f,,,1,,,224
cubic,224,Pn-3m,"(25,39,16)",a_ours_in_his,ea1baec328356a32,,,1,,,224
cubic,225,Fm-3m,"(4,6,4)",a_ours_in_his,e1c6bb874212013b,,,1,,,225
cubic,225,Fm-3m,"(5,8,5)",a_ours_in_his,42bc5c5af1f296ae,,,1,,,225
cubic,225,Fm-3m,"(5,9,6)",a_ours_in_his,8f286dc3c145b5c1,,,1,,,225
cubic,225,Fm-3m,"(6,12,8)",a_ours_in_his,3cb6c70abd57e0b9,,,1,,,225
cubic,225,Fm-3m,"(8,12,6)",a_ours_in_his,e3faf0283734fac7,,,1,,,225
cubic,225,Fm-3m,"(14,24,12)",a_ours_in_his,1da02fe6c7c6eb73,,,1,,,225
cubic,226,Fm-3c,"(4,6,4)",a_ours_in_his,e1c6bb874212013b,,,1,,,226
cubic,226,Fm-3c,"(5,8,5)",a_ours_in_his,42bc5c5af1f296ae,,,1,,,226
cubic,226,Fm-3c,"(5,9,6)",a_ours_in_his,8f286dc3c145b5c1,,,1,,,226
cubic,226,Fm-3c,"(6,12,8)",a_ours_in_his,3cb6c70abd57e0b9,,,1,,,226
cubic,226,Fm-3c,"(7,12,7)",a_ours_in_his,ab4f647ac25e875b,,,1,,,226
cubic,226,Fm-3c,"(8,12,6)",a_ours_in_his,e3faf0283734fac7,,,1,,,226
cubic,226,Fm-3c,"(8,15,9)",a_ours_in_his,73ae50cb39507abf,,,1,,,226
cubic,227,Fd-3m,"(4,6,4)",a_ours_in_his,e1c6bb874212013b,,,1,,,227
cubic,227,Fd-3m,"(5,8,5)",a_ours_in_his,42bc5c5af1f296ae,,,1,,,227
cubic,227,Fd-3m,"(6,9,5)",a_ours_in_his,a1053191a6317676,,,1,,,227
cubic,227,Fd-3m,"(6,12,8)",b_ours_not_his,3cb6c70abd57e0b9,,,0,,,
cubic,227,Fd-3m,"(8,12,6)",a_ours_in_his,e3faf0283734fac7,,,1,,,227
cubic,227,Fd-3m,"(8,13,7)",a_ours_in_his,4ab699adbeb533b0;d724d08efce3fe5f,,,1,,,227
cubic,227,Fd-3m,"(9,14,7)",c_his_not_ours_not_stored,,,,1,,,227
cubic,227,Fd-3m,"(10,15,7)",a_ours_in_his,ca9a19039647d676,,,1,,,227
cubic,227,Fd-3m,"(10,20,12)",a_ours_in_his,9effc8684d8a0250,,,1,,,227
cubic,227,Fd-3m,"(12,22,12)",a_ours_in_his,ddd534b6185c5da1,,,1,,,227
cubic,227,Fd-3m,"(14,24,12)",a_ours_in_his,1da02fe6c7c6eb73,,,1,,,227
cubic,227,Fd-3m,"(16,30,16)",a_ours_in_his,2001fe7ea92fd0ad,,,1,,,227
cubic,228,Fd-3c,"(4,6,4)",b_ours_not_his,e1c6bb874212013b,,,0,,,
cubic,228,Fd-3c,"(6,9,5)",b_ours_not_his,a1053191a6317676,,,0,,,
cubic,228,Fd-3c,"(6,11,7)",c_his_not_ours_not_stored,,,,1,,,228
cubic,228,Fd-3c,"(6,12,8)",c_his_not_ours_not_stored,,,,1,,,228
cubic,228,Fd-3c,"(10,20,12)",a_ours_in_his,9effc8684d8a0250,,,1,,,228
cubic,228,Fd-3c,"(12,19,9)",c_his_not_ours_not_stored,,,,1,,,228
cubic,228,Fd-3c,"(12,20,10)",c_his_not_ours_not_stored,,,,1,,,228
cubic,228,Fd-3c,"(14,24,12)",a_ours_in_his,1c61fe8a173a95f3;1da02fe6c7c6eb73,,,1,,,228
cubic,228,Fd-3c,"(15,25,12)",c_his_not_ours_not_stored,,,,1,,,228
cubic,228,Fd-3c,"(15,26,13)",c_his_not_ours_not_stored,,,,1,,,228
cubic,228,Fd-3c,"(17,28,13)",a_ours_in_his,a3164ecfcd75d3ec,,,1,,,228
cubic,228,Fd-3c,"(17,29,14)",c_his_not_ours_not_stored,,,,1,,,228
cubic,228,Fd-3c,"(18,29,13)",c_his_not_ours_not_stored,,,,1,,,228
cubic,228,Fd-3c,"(20,32,14)",c_his_not_ours_not_stored,,,,1,,,228
cubic,228,Fd-3c,"(22,35,15)",c_his_not_ours_not_stored,,,,1,,,228
cubic,228,Fd-3c,"(24,36,14)",a_ours_in_his,31d09faf7fb2bf6f,,,1,,,228
cubic,228,Fd-3c,"(24,38,16)",c_his_not_ours_not_stored,,,,1,,,228
cubic,228,Fd-3c,"(25,39,16)",a_ours_in_his,ea1baec328356a32,,,1,,,228
cubic,229,Im-3m,"(4,6,4)",a_ours_in_his,e1c6bb874212013b,,,1,,,229
cubic,229,Im-3m,"(5,8,5)",a_ours_in_his,42bc5c5af1f296ae,,,1,,,229
cubic,229,Im-3m,"(5,9,6)",a_ours_in_his,8f286dc3c145b5c1,,,1,,,229
cubic,229,Im-3m,"(6,9,5)",a_ours_in_his,a1053191a6317676,,,1,,,229
cubic,229,Im-3m,"(6,12,8)",a_ours_in_his,3cb6c70abd57e0b9,,,1,,,229
cubic,229,Im-3m,"(7,11,6)",a_ours_in_his,26df90c2289ea27c,,,1,,,229
cubic,229,Im-3m,"(8,12,6)",a_ours_in_his,d1fe8ecee64ce269;e3faf0283734fac7,,,1,,,229
cubic,229,Im-3m,"(8,13,7)",a_ours_in_his,4ab699adbeb533b0,,,1,,,229
cubic,229,Im-3m,"(9,14,7)",a_ours_in_his,3689e6843979c9c4,,,1,,,229
cubic,229,Im-3m,"(9,17,10)",a_ours_in_his,1c845578c03feb42,,,1,,,229
cubic,229,Im-3m,"(10,15,7)",a_ours_in_his,ca9a19039647d676,,,1,,,229
cubic,229,Im-3m,"(10,20,12)",a_ours_in_his,9effc8684d8a0250,,,1,,,229
cubic,229,Im-3m,"(11,19,10)",a_ours_in_his,5c4afde4a99b7e18,,,1,,,229
cubic,229,Im-3m,"(12,20,10)",a_ours_in_his,18391c406d2fe823,,,1,,,229
cubic,229,Im-3m,"(17,28,13)",a_ours_in_his,a3164ecfcd75d3ec,,,1,,,229
cubic,229,Im-3m,"(24,36,14)",a_ours_in_his,31d09faf7fb2bf6f,,,1,,,229
cubic,230,Ia-3d,"(8,13,7)",c_his_not_ours_not_stored,,,,1,,,230
cubic,230,Ia-3d,"(8,14,8)",c_his_not_ours_not_stored,,,,1,,,230
cubic,230,Ia-3d,"(8,16,10)",b_ours_not_his,3d1a3ee0cfdc0206,,,0,,,
cubic,230,Ia-3d,"(10,17,9)",c_his_not_ours_not_stored,,,,1,,,230
cubic,230,Ia-3d,"(10,19,11)",a_ours_in_his,4fc0ad99c617364f,,,1,,,230
cubic,230,Ia-3d,"(10,20,12)",b_ours_not_his,9effc8684d8a0250,,,0,,,
cubic,230,Ia-3d,"(11,20,11)",c_his_not_ours_not_stored,,,,1,,,230
cubic,230,Ia-3d,"(12,20,10)",c_his_not_ours_not_stored,,,,1,,,230
cubic,230,Ia-3d,"(12,21,11)",c_his_not_ours_not_stored,,,,1,,,230
cubic,230,Ia-3d,"(12,22,12)",c_his_not_ours_not_stored,,,,1,,,230
cubic,230,Ia-3d,"(13,23,12)",c_his_not_ours_not_stored,,,,1,,,230
cubic,230,Ia-3d,"(14,23,11)",c_his_not_ours_not_stored,,,,1,,,230
cubic,230,Ia-3d,"(14,24,12)",c_his_not_ours_not_stored,,,,1,,,230
cubic,230,Ia-3d,"(15,25,12)",c_his_not_ours_not_stored,,,,1,,,230
cubic,230,Ia-3d,"(15,26,13)",c_his_not_ours_not_stored,,,,1,,,230
cubic,230,Ia-3d,"(15,27,14)",a_ours_in_his,d6d4863002a0c8c3,,,1,,,230
cubic,230,Ia-3d,"(16,26,12)",c_his_not_ours_not_stored,,,,1,,,230
cubic,230,Ia-3d,"(16,28,14)",a_ours_in_his,dab82b770ec34253,,,1,,,230
cubic,230,Ia-3d,"(16,29,15)",c_his_not_ours_not_stored,,,,1,,,230
cubic,230,Ia-3d,"(17,27,12)",c_his_not_ours_not_stored,,,,1,,,230
cubic,230,Ia-3d,"(17,28,13)",a_ours_in_his,b12aa22b226a2f18,,,1,,,230
cubic,230,Ia-3d,"(17,29,14)",c_his_not_ours_not_stored,,,,1,,,230
cubic,230,Ia-3d,"(18,29,13)",a_ours_in_his,ec7cd8bf24cc544f,,,1,,,230
cubic,230,Ia-3d,"(18,30,14)",c_his_not_ours_not_stored,,,,1,,,230
cubic,230,Ia-3d,"(19,29,12)",c_his_not_ours_not_stored,,,,1,,,230
cubic,230,Ia-3d,"(19,30,13)",c_his_not_ours_not_stored,,,,1,,,230
cubic,230,Ia-3d,"(19,31,14)",c_his_not_ours_not_stored,,,,1,,,230
cubic,230,Ia-3d,"(19,32,15)",a_ours_in_his,d92507e86522ff33,,,1,,,230
cubic,230,Ia-3d,"(20,32,14)",a_ours_in_his,1006ba9d7710fc74;81ae9d74bed8fad3,,,1,,,230
cubic,230,Ia-3d,"(20,33,15)",c_his_not_ours_not_stored,,,,1,,,230
cubic,230,Ia-3d,"(20,35,17)",c_his_not_ours_not_stored,,,,1,,,230
cubic,230,Ia-3d,"(21,33,14)",c_his_not_ours_not_stored,,,,1,,,230
cubic,230,Ia-3d,"(21,34,15)",a_ours_in_his,8993441351ed232f,,,1,,,230
cubic,230,Ia-3d,"(21,35,16)",c_his_not_ours_not_stored,,,,1,,,230
cubic,230,Ia-3d,"(22,34,14)",a_ours_in_his,3dae45da9b1de603,,,1,,,230
cubic,230,Ia-3d,"(22,35,15)",c_his_not_ours_not_stored,,,,1,,,230
cubic,230,Ia-3d,"(22,36,16)",c_his_not_ours_not_stored,,,,1,,,230
cubic,230,Ia-3d,"(23,35,14)",c_his_not_ours_not_stored,,,,1,,,230
cubic,230,Ia-3d,"(23,36,15)",c_his_not_ours_not_stored,,,,1,,,230
cubic,230,Ia-3d,"(23,37,16)",c_his_not_ours_not_stored,,,,1,,,230
cubic,230,Ia-3d,"(23,38,17)",c_his_not_ours_not_stored,,,,1,,,230
cubic,230,Ia-3d,"(24,36,14)",a_ours_in_his,31d09faf7fb2bf6f,,,1,,,230
cubic,230,Ia-3d,"(24,37,15)",c_his_not_ours_not_stored,,,,1,,,230
cubic,230,Ia-3d,"(24,38,16)",a_ours_in_his,61793797a474ca0c,,,1,,,230
cubic,230,Ia-3d,"(24,39,17)",c_his_not_ours_not_stored,,,,1,,,230
cubic,230,Ia-3d,"(25,39,16)",c_his_not_ours_not_stored,,,,1,,,230
cubic,230,Ia-3d,"(25,40,17)",c_his_not_ours_not_stored,,,,1,,,230
cubic,230,Ia-3d,"(25,41,18)",c_his_not_ours_not_stored,,,,1,,,230
cubic,230,Ia-3d,"(25,42,19)",c_his_not_ours_not_stored,,,,1,,,230
cubic,230,Ia-3d,"(26,40,16)",c_his_not_ours_not_stored,,,,1,,,230
cubic,230,Ia-3d,"(26,41,17)",c_his_not_ours_not_stored,,,,1,,,230
cubic,230,Ia-3d,"(26,42,18)",c_his_not_ours_not_stored,,,,1,,,230
cubic,230,Ia-3d,"(27,42,17)",c_his_not_ours_not_stored,,,,1,,,230
cubic,230,Ia-3d,"(27,43,18)",c_his_not_ours_not_stored,,,,1,,,230
cubic,230,Ia-3d,"(27,44,19)",c_his_not_ours_not_stored,,,,1,,,230
cubic,230,Ia-3d,"(28,43,17)",c_his_not_ours_not_stored,,,,1,,,230
cubic,230,Ia-3d,"(28,44,18)",c_his_not_ours_not_stored,,,,1,,,230
cubic,230,Ia-3d,"(28,45,19)",c_his_not_ours_not_stored,,,,1,,,230
cubic,230,Ia-3d,"(29,45,18)",c_his_not_ours_not_stored,,,,1,,,230
cubic,230,Ia-3d,"(29,46,19)",c_his_not_ours_not_stored,,,,1,,,230
cubic,230,Ia-3d,"(29,47,20)",c_his_not_ours_not_stored,,,,1,,,230
cubic,230,Ia-3d,"(30,45,17)",a_ours_in_his,998994bcf8df722b,,,1,,,230
cubic,230,Ia-3d,"(30,46,18)",c_his_not_ours_not_stored,,,,1,,,230
cubic,230,Ia-3d,"(30,47,19)",c_his_not_ours_not_stored,,,,1,,,230
cubic,230,Ia-3d,"(30,48,20)",c_his_not_ours_not_stored,,,,1,,,230
cubic,230,Ia-3d,"(31,48,19)",c_his_not_ours_not_stored,,,,1,,,230
cubic,230,Ia-3d,"(31,49,20)",c_his_not_ours_not_stored,,,,1,,,230
cubic,230,Ia-3d,"(32,49,19)",c_his_not_ours_not_stored,,,,1,,,230
cubic,230,Ia-3d,"(32,50,20)",c_his_not_ours_not_stored,,,,1,,,230
cubic,230,Ia-3d,"(32,51,21)",c_his_not_ours_not_stored,,,,1,,,230
cubic,230,Ia-3d,"(33,51,20)",c_his_not_ours_not_stored,,,,1,,,230
cubic,230,Ia-3d,"(33,52,21)",c_his_not_ours_not_stored,,,,1,,,230
cubic,230,Ia-3d,"(34,52,20)",c_his_not_ours_not_stored,,,,1,,,230
cubic,230,Ia-3d,"(34,53,21)",c_his_not_ours_not_stored,,,,1,,,230
cubic,230,Ia-3d,"(34,54,22)",c_his_not_ours_not_stored,,,,1,,,230
cubic,230,Ia-3d,"(35,55,22)",c_his_not_ours_not_stored,,,,1,,,230
cubic,230,Ia-3d,"(35,56,23)",c_his_not_ours_not_stored,,,,1,,,230
cubic,230,Ia-3d,"(36,54,20)",c_his_not_ours_not_stored,,,,1,,,230
cubic,230,Ia-3d,"(36,55,21)",c_his_not_ours_not_stored,,,,1,,,230
cubic,230,Ia-3d,"(36,56,22)",c_his_not_ours_not_stored,,,,1,,,230
cubic,230,Ia-3d,"(36,57,23)",c_his_not_ours_not_stored,,,,1,,,230
cubic,230,Ia-3d,"(37,57,22)",c_his_not_ours_not_stored,,,,1,,,230
cubic,230,Ia-3d,"(38,58,22)",c_his_not_ours_not_stored,,,,1,,,230
cubic,230,Ia-3d,"(38,59,23)",c_his_not_ours_not_stored,,,,1,,,230
cubic,230,Ia-3d,"(38,60,24)",c_his_not_ours_not_stored,,,,1,,,230
cubic,230,Ia-3d,"(39,60,23)",c_his_not_ours_not_stored,,,,1,,,230
cubic,230,Ia-3d,"(40,61,23)",a_ours_in_his,359beee832567a71,,,1,,,230
cubic,230,Ia-3d,"(40,62,24)",c_his_not_ours_not_stored,,,,1,,,230
cubic,230,Ia-3d,"(42,64,24)",c_his_not_ours_not_stored,,,,1,,,230
cubic,230,Ia-3d,"(42,65,25)",c_his_not_ours_not_stored,,,,1,,,230
cubic,230,Ia-3d,"(42,66,26)",c_his_not_ours_not_stored,,,,1,,,230
cubic,230,Ia-3d,"(44,67,25)",c_his_not_ours_not_stored,,,,1,,,230
cubic,230,Ia-3d,"(44,68,26)",c_his_not_ours_not_stored,,,,1,,,230
cubic,230,Ia-3d,"(46,70,26)",c_his_not_ours_not_stored,,,,1,,,230
cubic,230,Ia-3d,"(48,73,27)",c_his_not_ours_not_stored,,,,1,,,230
